voice_file,voice_id,speaker,text_ja,audio_path
atr_b101_001.opus,ATR_B101_001,ev1,「…………」,H:\GDUT2025_12\Voice_atri_mika\voices\atr_b101_001.opus
atr_b101_002.opus,ATR_B101_002,ev1,「……」,H:\GDUT2025_12\Voice_atri_mika\voices\atr_b101_002.opus
atr_b101_003.opus,ATR_B101_003,ev1,「……ッ」,H:\GDUT2025_12\Voice_atri_mika\voices\atr_b101_003.opus
atr_b101_004.opus,ATR_B101_004,ev1,「……」,H:\GDUT2025_12\Voice_atri_mika\voices\atr_b101_004.opus
atr_b101_005.opus,ATR_B101_005,bg,「……？」,H:\GDUT2025_12\Voice_atri_mika\voices\atr_b101_005.opus
atr_b101_006.opus,ATR_B101_006,bg,「……」,H:\GDUT2025_12\Voice_atri_mika\voices\atr_b101_006.opus
atr_b101_007.opus,ATR_B101_007,ev,アトリ,H:\GDUT2025_12\Voice_atri_mika\voices\atr_b101_007.opus
atr_b101_008.opus,ATR_B101_008,bg,アトリ,H:\GDUT2025_12\Voice_atri_mika\voices\atr_b101_008.opus
atr_b101_009.opus,ATR_B101_009,bg,アトリ,H:\GDUT2025_12\Voice_atri_mika\voices\atr_b101_009.opus
atr_b101_010.opus,ATR_B101_010,bgm,「……」,H:\GDUT2025_12\Voice_atri_mika\voices\atr_b101_010.opus
atr_b101_011.opus,ATR_B101_011,bgm,「いえ、当然の務めを果たしたまでです」,H:\GDUT2025_12\Voice_atri_mika\voices\atr_b101_011.opus
atr_b101_012.opus,ATR_B101_012,bg,「あなた方ヒトがそう総称する精密機器に属していますが、その呼び方は少々広範囲すぎるかと思います」,H:\GDUT2025_12\Voice_atri_mika\voices\atr_b101_012.opus
atr_b101_013.opus,ATR_B101_013,bgm,「当然です。高性能ですから」,H:\GDUT2025_12\Voice_atri_mika\voices\atr_b101_013.opus
atr_b101_014.opus,ATR_B101_014,bgm,「そうです、ダメです」,H:\GDUT2025_12\Voice_atri_mika\voices\atr_b101_014.opus
atr_b101_015.opus,ATR_B101_015,bgm,「わたしはマスターの所有物ですので。勝手に売買するのは違法です」,H:\GDUT2025_12\Voice_atri_mika\voices\atr_b101_015.opus
atr_b101_016.opus,ATR_B101_016,bgm,「え……」,H:\GDUT2025_12\Voice_atri_mika\voices\atr_b101_016.opus
atr_b101_017.opus,ATR_B101_017,bgm,「ええぇぇ……マスター死んじゃったんですかぁ。そうですかぁ。合掌」,H:\GDUT2025_12\Voice_atri_mika\voices\atr_b101_017.opus
atr_b101_018.opus,ATR_B101_018,bgm,「……」,H:\GDUT2025_12\Voice_atri_mika\voices\atr_b101_018.opus
atr_b101_019.opus,ATR_B101_019,bg,「……そう……なんですか。あなたが……」,H:\GDUT2025_12\Voice_atri_mika\voices\atr_b101_019.opus
atr_b101_020.opus,ATR_B101_020,bg,「さっき、海の中で出逢った時から、そんな気がしていました。やっぱりそうだったんですね」,H:\GDUT2025_12\Voice_atri_mika\voices\atr_b101_020.opus
atr_b101_021.opus,ATR_B101_021,bg,「なんとお呼びしましょう。ご希望があればどうぞ」,H:\GDUT2025_12\Voice_atri_mika\voices\atr_b101_021.opus
atr_b101_022.opus,ATR_B101_022,bg,「例えば“お兄ちゃん”とか“パパ”とか“にーさま”とか“兄ちゃま”とか……」,H:\GDUT2025_12\Voice_atri_mika\voices\atr_b101_022.opus
atr_b101_023.opus,ATR_B101_023,bg,「夏生……」,H:\GDUT2025_12\Voice_atri_mika\voices\atr_b101_023.opus
atr_b101_024.opus,ATR_B101_024,bg,「型番ですか？」,H:\GDUT2025_12\Voice_atri_mika\voices\atr_b101_024.opus
atr_b101_025.opus,ATR_B101_025,bg,「“アトリ”です」,H:\GDUT2025_12\Voice_atri_mika\voices\atr_b101_025.opus
atr_b101_026.opus,ATR_B101_026,bg,「マスターが名付けてくれました」,H:\GDUT2025_12\Voice_atri_mika\voices\atr_b101_026.opus
atr_b101_027.opus,ATR_B101_027,bg,「でしょう！固有名が与えられるのは、物であるロボットが命ある者として承認された証ですからね」,H:\GDUT2025_12\Voice_atri_mika\voices\atr_b101_027.opus
atr_b101_028.opus,ATR_B101_028,bg,「いわゆるひとつのステータスってやつです♪」,H:\GDUT2025_12\Voice_atri_mika\voices\atr_b101_028.opus
atr_b101_029.opus,ATR_B101_029,bg,「あ、“夏生”もなかなかいい名前だと思いますよ」,H:\GDUT2025_12\Voice_atri_mika\voices\atr_b101_029.opus
atr_b101_030.opus,ATR_B101_030,bg,「？　こういう目線ですが？」,H:\GDUT2025_12\Voice_atri_mika\voices\atr_b101_030.opus
atr_b101_031.opus,ATR_B101_031,bg,「よろしくお願いしますね、夏生さん」,H:\GDUT2025_12\Voice_atri_mika\voices\atr_b101_031.opus
atr_b102_001.opus,ATR_B102_001,bgm,「……学校」,H:\GDUT2025_12\Voice_atri_mika\voices\atr_b102_001.opus
atr_b102_002.opus,ATR_B102_002,bgm,「手をお貸ししましょうか？」,H:\GDUT2025_12\Voice_atri_mika\voices\atr_b102_002.opus
atr_b102_003.opus,ATR_B102_003,bg,「はいです」,H:\GDUT2025_12\Voice_atri_mika\voices\atr_b102_003.opus
atr_b102_004.opus,ATR_B102_004,bgm,「質問してもいいですか。ここはどこでしょう」,H:\GDUT2025_12\Voice_atri_mika\voices\atr_b102_004.opus
atr_b102_005.opus,ATR_B102_005,bgm,「いえ……わたしのメモリーにはありません」,H:\GDUT2025_12\Voice_atri_mika\voices\atr_b102_005.opus
atr_b102_006.opus,ATR_B102_006,bgm,「へっちゃらです。高性能ですから」,H:\GDUT2025_12\Voice_atri_mika\voices\atr_b102_006.opus
atr_b102_007.opus,ATR_B102_007,bg2,「どうかしましたか？」,H:\GDUT2025_12\Voice_atri_mika\voices\atr_b102_007.opus
atr_b102_008.opus,ATR_B102_008,bg,「？」,H:\GDUT2025_12\Voice_atri_mika\voices\atr_b102_008.opus
atr_b102_009.opus,ATR_B102_009,bg,「わたしに買ってくださるんですか？」,H:\GDUT2025_12\Voice_atri_mika\voices\atr_b102_009.opus
atr_b102_010.opus,ATR_B102_010,bg,「うーんと……」,H:\GDUT2025_12\Voice_atri_mika\voices\atr_b102_010.opus
atr_b102_011.opus,ATR_B102_011,bg,「……待ってください。判断基準が多数あって、決めきれないのです」,H:\GDUT2025_12\Voice_atri_mika\voices\atr_b102_011.opus
atr_b102_012.opus,ATR_B102_012,bg,「丈夫さはこれだし、見た目が整ってるのはこれで……お値段とのバランスがよさげなのは……」,H:\GDUT2025_12\Voice_atri_mika\voices\atr_b102_012.opus
atr_b102_013.opus,ATR_B102_013,bg,「わぁ～、サイズもぴったりです！」,H:\GDUT2025_12\Voice_atri_mika\voices\atr_b102_013.opus
atr_b102_014.opus,ATR_B102_014,bgm,「んっふふ～♪」,H:\GDUT2025_12\Voice_atri_mika\voices\atr_b102_014.opus
atr_b102_015.opus,ATR_B102_015,bgm,「はい！　だって夏生さんがわたしに、物を与えてくださったんですもの！」,H:\GDUT2025_12\Voice_atri_mika\voices\atr_b102_015.opus
atr_b102_016.opus,ATR_B102_016,bgm,「……嬉しいと変でしたか……？」,H:\GDUT2025_12\Voice_atri_mika\voices\atr_b102_016.opus
atr_b102_017.opus,ATR_B102_017,bgm,「ですよねー。よかったぁ」,H:\GDUT2025_12\Voice_atri_mika\voices\atr_b102_017.opus
atr_b102_018.opus,ATR_B102_018,bg,「わたしは今から売却されるんですよね」,H:\GDUT2025_12\Voice_atri_mika\voices\atr_b102_018.opus
atr_b102_019.opus,ATR_B102_019,bg,「あの……お願いがあるんですが」,H:\GDUT2025_12\Voice_atri_mika\voices\atr_b102_019.opus
atr_b102_020.opus,ATR_B102_020,bg,「わたしを売るのは少し待っていただけませんか」,H:\GDUT2025_12\Voice_atri_mika\voices\atr_b102_020.opus
atr_b102_021.opus,ATR_B102_021,bg,「うんと……４５日です。その後はどうなっても構いません」,H:\GDUT2025_12\Voice_atri_mika\voices\atr_b102_021.opus
atr_b102_022.opus,ATR_B102_022,bg,「それは……」,H:\GDUT2025_12\Voice_atri_mika\voices\atr_b102_022.opus
atr_b102_023.opus,ATR_B102_023,bg,「……」,H:\GDUT2025_12\Voice_atri_mika\voices\atr_b102_023.opus
atr_b102_024.opus,ATR_B102_024,bg,「……」,H:\GDUT2025_12\Voice_atri_mika\voices\atr_b102_024.opus
atr_b102_025.opus,ATR_B102_025,bg,「はい、間違いありません。今朝、そちらにいる夏生さんに海から引き揚げてもらいました」,H:\GDUT2025_12\Voice_atri_mika\voices\atr_b102_025.opus
atr_b102_026.opus,ATR_B102_026,bg,「寝てたので、覚えてません」,H:\GDUT2025_12\Voice_atri_mika\voices\atr_b102_026.opus
atr_b102_027.opus,ATR_B102_027,bg,「それで、わたしは高く売却できそうですか？」,H:\GDUT2025_12\Voice_atri_mika\voices\atr_b102_027.opus
atr_b102_028.opus,ATR_B102_028,bg,「なるほど……さすが高性能なわたし。ご満足いただけるプライスが付いたのですね」,H:\GDUT2025_12\Voice_atri_mika\voices\atr_b102_028.opus
atr_b102_029.opus,ATR_B102_029,bg,「こちらにいる夏生さんです」,H:\GDUT2025_12\Voice_atri_mika\voices\atr_b102_029.opus
atr_b102_030.opus,ATR_B102_030,bgm,「？」,H:\GDUT2025_12\Voice_atri_mika\voices\atr_b102_030.opus
atr_b102_031.opus,ATR_B102_031,bgm,「はい、ありがとうございます」,H:\GDUT2025_12\Voice_atri_mika\voices\atr_b102_031.opus
atr_b102_032.opus,ATR_B102_032,bgm,「わたしは眠りにつく前、マスターから命令を受けました。それを果たしてからにしてほしいんです」,H:\GDUT2025_12\Voice_atri_mika\voices\atr_b102_032.opus
atr_b102_033.opus,ATR_B102_033,bgm,「夏生さんは足が必要なんですよね？」,H:\GDUT2025_12\Voice_atri_mika\voices\atr_b102_033.opus
atr_b102_034.opus,ATR_B102_034,bgm,「それまでの間、わたしが夏生さんの足になります！」,H:\GDUT2025_12\Voice_atri_mika\voices\atr_b102_034.opus
atr_b102_035.opus,ATR_B102_035,bg,「こんな立派な靴も買っていただきましたし♪」,H:\GDUT2025_12\Voice_atri_mika\voices\atr_b102_035.opus
atr_b102_036.opus,ATR_B102_036,bg2,「今使ってるその足より、きっとお役に立ちますよ」,H:\GDUT2025_12\Voice_atri_mika\voices\atr_b102_036.opus
atr_b102_037.opus,ATR_B102_037,bg2,「どうしてですか？わたしの方が高性能なのに」,H:\GDUT2025_12\Voice_atri_mika\voices\atr_b102_037.opus
atr_b102_038.opus,ATR_B102_038,bg2,「え、あのっ」,H:\GDUT2025_12\Voice_atri_mika\voices\atr_b102_038.opus
atr_b102_041.opus,ATR_B102_041,bg2,「夏生さん」,H:\GDUT2025_12\Voice_atri_mika\voices\atr_b102_041.opus
atr_b102_042.opus,ATR_B102_042,bg2,「……はい」,H:\GDUT2025_12\Voice_atri_mika\voices\atr_b102_042.opus
atr_b102_043.opus,ATR_B102_043,bg,「……」,H:\GDUT2025_12\Voice_atri_mika\voices\atr_b102_043.opus
atr_b102_044.opus,ATR_B102_044,bg,「それまでの間、わたしが夏生さんの足になります！」,H:\GDUT2025_12\Voice_atri_mika\voices\atr_b102_044.opus
atr_b102_045.opus,ATR_B102_045,bg,「こんな立派な靴も買っていただきましたし♪」,H:\GDUT2025_12\Voice_atri_mika\voices\atr_b102_045.opus
atr_b102_046.opus,ATR_B102_046,bg,「……夏生さん？」,H:\GDUT2025_12\Voice_atri_mika\voices\atr_b102_046.opus
atr_b102_047.opus,ATR_B102_047,bg2,「はい行きました。夏生さんに言われた通りに。命令を実行してから帰ってきました」,H:\GDUT2025_12\Voice_atri_mika\voices\atr_b102_047.opus
atr_b102_048.opus,ATR_B102_048,bg2,「はい、水菜萌。連れてきてくれてありがとうです。ぺこり」,H:\GDUT2025_12\Voice_atri_mika\voices\atr_b102_048.opus
atr_b102_049.opus,ATR_B102_049,bg2,「学習しました。もう道に迷いません」,H:\GDUT2025_12\Voice_atri_mika\voices\atr_b102_049.opus
atr_b102_050.opus,ATR_B102_050,bg2,「……」,H:\GDUT2025_12\Voice_atri_mika\voices\atr_b102_050.opus
atr_b102_051.opus,ATR_B102_051,bg2,「ほら～、わたしの方が高性能でしょう？」,H:\GDUT2025_12\Voice_atri_mika\voices\atr_b102_051.opus
atr_b102_052.opus,ATR_B102_052,bg2,「ここは危険です。移動しましょう夏生さん」,H:\GDUT2025_12\Voice_atri_mika\voices\atr_b102_052.opus
atr_b102_053.opus,ATR_B102_053,bgm,「どうされました？」,H:\GDUT2025_12\Voice_atri_mika\voices\atr_b102_053.opus
atr_b102_054.opus,ATR_B102_054,bgm,「あー、渡れないんですね。ふっふっふ、早速わたしの出番です！」,H:\GDUT2025_12\Voice_atri_mika\voices\atr_b102_054.opus
atr_b102_055.opus,ATR_B102_055,bg,「あたっ。もぉ～、イタイじゃないですか～」,H:\GDUT2025_12\Voice_atri_mika\voices\atr_b102_055.opus
atr_b102_056.opus,ATR_B102_056,bg,「ジッとしててくださいね。暴れると危ないですよ」,H:\GDUT2025_12\Voice_atri_mika\voices\atr_b102_056.opus
atr_b102_057.opus,ATR_B102_057,bgm,「はー……びっくりしたー」,H:\GDUT2025_12\Voice_atri_mika\voices\atr_b102_057.opus
atr_b102_058.opus,ATR_B102_058,bgm,「すみません、つい目測を誤ってしまって……」,H:\GDUT2025_12\Voice_atri_mika\voices\atr_b102_058.opus
atr_b102_059.opus,ATR_B102_059,bg,「？　これも脱ぎましょうか。濡れちゃいましたから」,H:\GDUT2025_12\Voice_atri_mika\voices\atr_b102_059.opus
atr_b102_060.opus,ATR_B102_060,bg,「ですがそうなると、ロボット倫理規定的に少々問題が……」,H:\GDUT2025_12\Voice_atri_mika\voices\atr_b102_060.opus
atr_b102_061.opus,ATR_B102_061,bg,「やめた方がいいですか、そうですか。……残念」,H:\GDUT2025_12\Voice_atri_mika\voices\atr_b102_061.opus
atr_b102_062.opus,ATR_B102_062,bgm,「フフーン、わたしの方が高性能ですもんねー」,H:\GDUT2025_12\Voice_atri_mika\voices\atr_b102_062.opus
atr_b102_063.opus,ATR_B102_063,bgm,「そ、そんな事ないですよっ。今朝、そいつの裏切りによって夏生さんは無様に海に落ちたじゃないですかっ」,H:\GDUT2025_12\Voice_atri_mika\voices\atr_b102_063.opus
atr_b102_064.opus,ATR_B102_064,bgm,「それに、わたしの方が関節が多いし、自力歩行もできるし……あと、うんと……」,H:\GDUT2025_12\Voice_atri_mika\voices\atr_b102_064.opus
atr_b102_065.opus,ATR_B102_065,bgm,「……どうすれば夏生さんに、わたしの有用性を認めてもらえるんだろう」,H:\GDUT2025_12\Voice_atri_mika\voices\atr_b102_065.opus
atr_b102_066.opus,ATR_B102_066,bgm,「はい？」,H:\GDUT2025_12\Voice_atri_mika\voices\atr_b102_066.opus
atr_b102_067.opus,ATR_B102_067,bgm,「えーっと……うんと……」,H:\GDUT2025_12\Voice_atri_mika\voices\atr_b102_067.opus
atr_b102_068.opus,ATR_B102_068,bgm,「……。ロストしました」,H:\GDUT2025_12\Voice_atri_mika\voices\atr_b102_068.opus
atr_b102_069.opus,ATR_B102_069,bgm,「あれ、なんだっけな……えとえと……」,H:\GDUT2025_12\Voice_atri_mika\voices\atr_b102_069.opus
atr_b102_070.opus,ATR_B102_070,bgm,「ヒトと思考パターンを似せるためのアルゴリズムのせいで、ヒューマノイドは人間同様物忘れをするんですっ」,H:\GDUT2025_12\Voice_atri_mika\voices\atr_b102_070.opus
atr_b102_071.opus,ATR_B102_071,bgm,「何を忘れて何を覚えているか、自分で選択できませんからっ」,H:\GDUT2025_12\Voice_atri_mika\voices\atr_b102_071.opus
atr_b102_072.opus,ATR_B102_072,bgm,「夏生さぁん……あのあの……どんな命令でしたっけ？」,H:\GDUT2025_12\Voice_atri_mika\voices\atr_b102_072.opus
atr_b102_073.opus,ATR_B102_073,bgm,「うー、困りましたぁ」,H:\GDUT2025_12\Voice_atri_mika\voices\atr_b102_073.opus
atr_b102_074.opus,ATR_B102_074,bgm,「ああっ、それ禁句ですよっ！」,H:\GDUT2025_12\Voice_atri_mika\voices\atr_b102_074.opus
atr_b102_075.opus,ATR_B102_075,bgm,「ロボットをポンコツと呼ぶ事は差別禁止法に抵触します！３ヶ月以下の懲役かもしくは、えとえと……」,H:\GDUT2025_12\Voice_atri_mika\voices\atr_b102_075.opus
atr_b102_076.opus,ATR_B102_076,bg,「思い出します。頑張って」,H:\GDUT2025_12\Voice_atri_mika\voices\atr_b102_076.opus
atr_b102_077.opus,ATR_B102_077,bg,「うー……夏生さぁん」,H:\GDUT2025_12\Voice_atri_mika\voices\atr_b102_077.opus
atr_b102_078.opus,ATR_B102_078,bg,「……椅子があれば大丈夫です。場所を取らずコンパクトにスリープできるんです。高性能ですから」,H:\GDUT2025_12\Voice_atri_mika\voices\atr_b102_078.opus
atr_b102_079.opus,ATR_B102_079,bg,「あ、そうだ。夏生さん！」,H:\GDUT2025_12\Voice_atri_mika\voices\atr_b102_079.opus
atr_b102_080.opus,ATR_B102_080,bg,「夏生さんは、足を取り戻したら、何がしたかったんですか？」,H:\GDUT2025_12\Voice_atri_mika\voices\atr_b102_080.opus
atr_b102_081.opus,ATR_B102_081,bg,「ほら、わたしは夏生さんの足ですし。聞いておこうと思いまして」,H:\GDUT2025_12\Voice_atri_mika\voices\atr_b102_081.opus
atr_b102_082.opus,ATR_B102_082,bg,「どどーんとなんなりとお申し付けください！」,H:\GDUT2025_12\Voice_atri_mika\voices\atr_b102_082.opus
atr_b103_001.opus,ATR_B103_001,ev,「寝ながら叫ぶのはヒトとしてなかなか器用な芸ですね……。もしや、脳機能のエラーでしょうか」,H:\GDUT2025_12\Voice_atri_mika\voices\atr_b103_001.opus
atr_b103_002.opus,ATR_B103_002,ev,「……夏生さんの脳、修理が必要かも」,H:\GDUT2025_12\Voice_atri_mika\voices\atr_b103_002.opus
atr_b103_003.opus,ATR_B103_003,ev,「やってみます」,H:\GDUT2025_12\Voice_atri_mika\voices\atr_b103_003.opus
atr_b103_004.opus,ATR_B103_004,ev,「まずはそのびっしょりの汗を拭きますね。風邪をひくと大変です。ヒトは脆くてすぐ故障しますから」,H:\GDUT2025_12\Voice_atri_mika\voices\atr_b103_004.opus
atr_b103_005.opus,ATR_B103_005,ev,「泣いてますか？まだ痛いですか？」,H:\GDUT2025_12\Voice_atri_mika\voices\atr_b103_005.opus
atr_b103_006.opus,ATR_B103_006,ev,「はい、そうですとも！そこにあるそれなんかより、うんと高性能な」,H:\GDUT2025_12\Voice_atri_mika\voices\atr_b103_006.opus
atr_b103_007.opus,ATR_B103_007,ev,「おや……？」,H:\GDUT2025_12\Voice_atri_mika\voices\atr_b103_007.opus
atr_b103_008.opus,ATR_B103_008,ev,「あの……夏生さん。汗を拭いてあげたいのですけど」,H:\GDUT2025_12\Voice_atri_mika\voices\atr_b103_008.opus
atr_b103_009.opus,ATR_B103_009,ev,「もしかしてわたしで拭いてますか？それは足ではなくタオルの役目ですよ」,H:\GDUT2025_12\Voice_atri_mika\voices\atr_b103_009.opus
atr_b103_010.opus,ATR_B103_010,ev,「……。学習しました」,H:\GDUT2025_12\Voice_atri_mika\voices\atr_b103_010.opus
atr_b103_011.opus,ATR_B103_011,ev,「いいですよ」,H:\GDUT2025_12\Voice_atri_mika\voices\atr_b103_011.opus
atr_b103_012.opus,ATR_B103_012,ev,「ふふ……」,H:\GDUT2025_12\Voice_atri_mika\voices\atr_b103_012.opus
atr_b103_013.opus,ATR_B103_013,ev,「おやすみなさい、夏生さん」,H:\GDUT2025_12\Voice_atri_mika\voices\atr_b103_013.opus
atr_b103_014.opus,ATR_B103_014,bg,「すやすや…………」,H:\GDUT2025_12\Voice_atri_mika\voices\atr_b103_014.opus
atr_b103_015.opus,ATR_B103_015,bg,「いやん……夏生さんのエッチぃ……むふふ♪」,H:\GDUT2025_12\Voice_atri_mika\voices\atr_b103_015.opus
atr_b103_016.opus,ATR_B103_016,bg,「すやすや……にへへ……夏生さぁん……」,H:\GDUT2025_12\Voice_atri_mika\voices\atr_b103_016.opus
atr_b103_019.opus,ATR_B103_019,bg,「うぅ～ん…………むにゃむにゃ…………夏生さんのアホぉ」,H:\GDUT2025_12\Voice_atri_mika\voices\atr_b103_019.opus
atr_b103_020.opus,ATR_B103_020,bg,「うへへ……くすぐったいですぅ」,H:\GDUT2025_12\Voice_atri_mika\voices\atr_b103_020.opus
atr_b103_021.opus,ATR_B103_021,bg,「アトリですぅ……それロボットへの蔑称ですからぁ……警告２回目ですよぉ……お仕置きのロケットパン……ツ……」,H:\GDUT2025_12\Voice_atri_mika\voices\atr_b103_021.opus
atr_b103_022.opus,ATR_B103_022,bgm,「はわっ……！？」,H:\GDUT2025_12\Voice_atri_mika\voices\atr_b103_022.opus
atr_b103_023.opus,ATR_B103_023,bgm,「あ、そっか……わたし……昨日の夜、ここで夏生さんに抱かれたんでした……」,H:\GDUT2025_12\Voice_atri_mika\voices\atr_b103_023.opus
atr_b103_024.opus,ATR_B103_024,bgm,「あ……おはようございますぅ、夏生さん……ふわぁ～」,H:\GDUT2025_12\Voice_atri_mika\voices\atr_b103_024.opus
atr_b103_025.opus,ATR_B103_025,bgm,「わたし低電圧なんでぇ……むにゃむにゃ」,H:\GDUT2025_12\Voice_atri_mika\voices\atr_b103_025.opus
atr_b103_026.opus,ATR_B103_026,bgm,「ぅぅ、変な姿勢でスリープしてたから、関節がグキグキします……」,H:\GDUT2025_12\Voice_atri_mika\voices\atr_b103_026.opus
atr_b103_027.opus,ATR_B103_027,bgm,「ふわぁい」,H:\GDUT2025_12\Voice_atri_mika\voices\atr_b103_027.opus
atr_b103_028.opus,ATR_B103_028,bgm,「？」,H:\GDUT2025_12\Voice_atri_mika\voices\atr_b103_028.opus
atr_b103_029.opus,ATR_B103_029,bgm,「でしょう！高性能ですからムフン！」,H:\GDUT2025_12\Voice_atri_mika\voices\atr_b103_029.opus
atr_b111_001.opus,ATR_B111_001,bg,「シャカシャカシャコシャコ」,H:\GDUT2025_12\Voice_atri_mika\voices\atr_b111_001.opus
atr_b111_002.opus,ATR_B111_002,bg,「シャカシャカシャコシャコ……オエッ」,H:\GDUT2025_12\Voice_atri_mika\voices\atr_b111_002.opus
atr_b111_003.opus,ATR_B111_003,bg,「はふひはん（夏生さん）」,H:\GDUT2025_12\Voice_atri_mika\voices\atr_b111_003.opus
atr_b111_004.opus,ATR_B111_004,bg,「奥の方が自分で上手に磨けません。……やってもらってもいいですか？」,H:\GDUT2025_12\Voice_atri_mika\voices\atr_b111_004.opus
atr_b111_005.opus,ATR_B111_005,bg,「んあー」,H:\GDUT2025_12\Voice_atri_mika\voices\atr_b111_005.opus
atr_b111_006.opus,ATR_B111_006,bg,「あーーー」,H:\GDUT2025_12\Voice_atri_mika\voices\atr_b111_006.opus
atr_b111_007.opus,ATR_B111_007,bg,「がらがらがらがら……ぺっ」,H:\GDUT2025_12\Voice_atri_mika\voices\atr_b111_007.opus
atr_b111_008.opus,ATR_B111_008,bg,「？　所有するロボットのメンテナンスは、持ち主の役目ですよ？」,H:\GDUT2025_12\Voice_atri_mika\voices\atr_b111_008.opus
atr_b111_009.opus,ATR_B111_009,bg,「はい。栄養補給できませんから」,H:\GDUT2025_12\Voice_atri_mika\voices\atr_b111_009.opus
atr_b111_010.opus,ATR_B111_010,bg,「？　その心配には及びませんよ」,H:\GDUT2025_12\Voice_atri_mika\voices\atr_b111_010.opus
atr_b111_011.opus,ATR_B111_011,bg,「わたしが売却を保留していただきたいのは４５日だけです。その後はどうぞ、納得のプライスで売ってください」,H:\GDUT2025_12\Voice_atri_mika\voices\atr_b111_011.opus
atr_b111_012.opus,ATR_B111_012,bg,「でないと新しい足を買えませんよ？」,H:\GDUT2025_12\Voice_atri_mika\voices\atr_b111_012.opus
atr_b111_013.opus,ATR_B111_013,bg,「高性能なわたしにこだわるお気持ちは分かりますが、わたしは足専門ロボットではありません」,H:\GDUT2025_12\Voice_atri_mika\voices\atr_b111_013.opus
atr_b111_014.opus,ATR_B111_014,bg,「わたしが夏生さんの足でいられるのは、４５日だけです」,H:\GDUT2025_12\Voice_atri_mika\voices\atr_b111_014.opus
atr_b111_015.opus,ATR_B111_015,bg,「というわけで、カレンダーを用意しましたー」,H:\GDUT2025_12\Voice_atri_mika\voices\atr_b111_015.opus
atr_b111_016.opus,ATR_B111_016,bg,「名付けて、“アトリと夏生の蜜月カウントダウンカレンダー”」,H:\GDUT2025_12\Voice_atri_mika\voices\atr_b111_016.opus
atr_b111_017.opus,ATR_B111_017,bg,「１日１つ、×を付けていきます。昨日の分を書いておきましょう……バツ……と」,H:\GDUT2025_12\Voice_atri_mika\voices\atr_b111_017.opus
atr_b111_018.opus,ATR_B111_018,bg,「残り４４日ですねー」,H:\GDUT2025_12\Voice_atri_mika\voices\atr_b111_018.opus
atr_b111_019.opus,ATR_B111_019,bg,「？　夏生さん？」,H:\GDUT2025_12\Voice_atri_mika\voices\atr_b111_019.opus
atr_b111_020.opus,ATR_B111_020,bgm,「ハイ！」,H:\GDUT2025_12\Voice_atri_mika\voices\atr_b111_020.opus
atr_b111_021.opus,ATR_B111_021,bgm,「ハイ、ハイッ、ハーーイ！」,H:\GDUT2025_12\Voice_atri_mika\voices\atr_b111_021.opus
atr_b111_022.opus,ATR_B111_022,bgm,「学校へ行きましょう！」,H:\GDUT2025_12\Voice_atri_mika\voices\atr_b111_022.opus
atr_b111_023.opus,ATR_B111_023,bgm,「理由くらい聞いてくださいよー」,H:\GDUT2025_12\Voice_atri_mika\voices\atr_b111_023.opus
atr_b111_024.opus,ATR_B111_024,bgm,「わたし、知ってます。学校とは色んな事を学ぶ場所なんでしょう？」,H:\GDUT2025_12\Voice_atri_mika\voices\atr_b111_024.opus
atr_b111_025.opus,ATR_B111_025,bgm,「いえ、昔……えと……誰かに教わりました」,H:\GDUT2025_12\Voice_atri_mika\voices\atr_b111_025.opus
atr_b111_026.opus,ATR_B111_026,bgm,「うー……覚えていません」,H:\GDUT2025_12\Voice_atri_mika\voices\atr_b111_026.opus
atr_b111_027.opus,ATR_B111_027,bgm,「わたし、勉強がしてみたいです！」,H:\GDUT2025_12\Voice_atri_mika\voices\atr_b111_027.opus
atr_b111_028.opus,ATR_B111_028,bgm,「“学校”って言葉を聞いた時から、なんとなくこう……引っかかっていて」,H:\GDUT2025_12\Voice_atri_mika\voices\atr_b111_028.opus
atr_b111_029.opus,ATR_B111_029,bgm,「そこにある気がするんです。わたしの失われたメモリーの断片が」,H:\GDUT2025_12\Voice_atri_mika\voices\atr_b111_029.opus
atr_b111_030.opus,ATR_B111_030,bgm,「でも昔、わたしは学校に行ってみたいと……そう願っていた事があったのかもしれない」,H:\GDUT2025_12\Voice_atri_mika\voices\atr_b111_030.opus
atr_b111_031.opus,ATR_B111_031,bgm,「ねえ、いいでしょう夏生さん。ねーねーねーねー」,H:\GDUT2025_12\Voice_atri_mika\voices\atr_b111_031.opus
atr_b111_032.opus,ATR_B111_032,bgm,「また出ました、夏生さんの駄々っ子。駄々っ子ナッちゃん！」,H:\GDUT2025_12\Voice_atri_mika\voices\atr_b111_032.opus
atr_b111_033.opus,ATR_B111_033,bgm,「ふっふっふ～、聞いて驚いてください。わたしには学習機能があります！」,H:\GDUT2025_12\Voice_atri_mika\voices\atr_b111_033.opus
atr_b111_034.opus,ATR_B111_034,bgm,「沢山勉強して、立派なロボットになるんです。ヒトから必要とされるような」,H:\GDUT2025_12\Voice_atri_mika\voices\atr_b111_034.opus
atr_b111_035.opus,ATR_B111_035,bgm,「４５日しかないからですよ。急がないと」,H:\GDUT2025_12\Voice_atri_mika\voices\atr_b111_035.opus
atr_b111_036.opus,ATR_B111_036,bgm,「夏生さんは、どうして学校行くの嫌なんですか？水菜萌に言われた時も駄々っ子でしたよね」,H:\GDUT2025_12\Voice_atri_mika\voices\atr_b111_036.opus
atr_b111_037.opus,ATR_B111_037,bgm,「勉強がですか？」,H:\GDUT2025_12\Voice_atri_mika\voices\atr_b111_037.opus
atr_b111_038.opus,ATR_B111_038,bgm,「じゃあ夏生さんは付いて来てくれるだけでいいです」,H:\GDUT2025_12\Voice_atri_mika\voices\atr_b111_038.opus
atr_b111_039.opus,ATR_B111_039,bgm,「それはダメです。わたしは夏生さんの足ですから、お側を離れるわけにはいきません」,H:\GDUT2025_12\Voice_atri_mika\voices\atr_b111_039.opus
atr_b111_040.opus,ATR_B111_040,bgm,「どこ行くんですかー」,H:\GDUT2025_12\Voice_atri_mika\voices\atr_b111_040.opus
atr_b111_041.opus,ATR_B111_041,bgm,「ええーー」,H:\GDUT2025_12\Voice_atri_mika\voices\atr_b111_041.opus
atr_b111_042.opus,ATR_B111_042,bgm,「行ってみたいのになぁ……学校……」,H:\GDUT2025_12\Voice_atri_mika\voices\atr_b111_042.opus
atr_b111_043.opus,ATR_B111_043,bgm,「ここは……どこですか？」,H:\GDUT2025_12\Voice_atri_mika\voices\atr_b111_043.opus
atr_b111_044.opus,ATR_B111_044,bg,「半分、水に沈んだ建造物……。あのような斬新な建築はわたしのメモリーにありません……」,H:\GDUT2025_12\Voice_atri_mika\voices\atr_b111_044.opus
atr_b111_045.opus,ATR_B111_045,bgm,「検索中、検索中……あ、もしかしてここ、学校じゃないですか？」,H:\GDUT2025_12\Voice_atri_mika\voices\atr_b111_045.opus
atr_b111_046.opus,ATR_B111_046,bgm,「ふっふっふ、夏生さん失敗しましたね。間違えて学校に来てしまうなんて」,H:\GDUT2025_12\Voice_atri_mika\voices\atr_b111_046.opus
atr_b111_047.opus,ATR_B111_047,bgm,「はい、そうするといいです」,H:\GDUT2025_12\Voice_atri_mika\voices\atr_b111_047.opus
atr_b111_048.opus,ATR_B111_048,bgm,「夏生さん……あいつらは敵対行動に出ようとしてますか。その時はわたしの真の姿を見せねばなりません」,H:\GDUT2025_12\Voice_atri_mika\voices\atr_b111_048.opus
atr_b111_049.opus,ATR_B111_049,bgm,「夏生さんに手を出すというなら、わたしが相手になります！」,H:\GDUT2025_12\Voice_atri_mika\voices\atr_b111_049.opus
atr_b111_050.opus,ATR_B111_050,bgm,「ザコ！！？」,H:\GDUT2025_12\Voice_atri_mika\voices\atr_b111_050.opus
atr_b111_051.opus,ATR_B111_051,bgm,「夏生さんまでひどいっ」,H:\GDUT2025_12\Voice_atri_mika\voices\atr_b111_051.opus
atr_b111_052.opus,ATR_B111_052,bg,「そ……そうだったんですか！！？」,H:\GDUT2025_12\Voice_atri_mika\voices\atr_b111_052.opus
atr_b111_053.opus,ATR_B111_053,bg,「……わたしの手からもロケットパンチが出ますよ。ほんとですよ。マシンガンなんかより、うんと強力ですよ……」,H:\GDUT2025_12\Voice_atri_mika\voices\atr_b111_053.opus
atr_b111_054.opus,ATR_B111_054,bg,「あ、わたしが！」,H:\GDUT2025_12\Voice_atri_mika\voices\atr_b111_054.opus
atr_b111_055.opus,ATR_B111_055,bg,「ちゃんと学習したから平気です」,H:\GDUT2025_12\Voice_atri_mika\voices\atr_b111_055.opus
atr_b111_056.opus,ATR_B111_056,bg,「通しません！」,H:\GDUT2025_12\Voice_atri_mika\voices\atr_b111_056.opus
atr_b111_057.opus,ATR_B111_057,bg,「せっかく学校来たんです！べんきょーするまで帰れません」,H:\GDUT2025_12\Voice_atri_mika\voices\atr_b111_057.opus
atr_b111_058.opus,ATR_B111_058,bg,「ガッテンです！」,H:\GDUT2025_12\Voice_atri_mika\voices\atr_b111_058.opus
atr_b111_059.opus,ATR_B111_059,bg,「アトリです。ぺこり」,H:\GDUT2025_12\Voice_atri_mika\voices\atr_b111_059.opus
atr_b111_060.opus,ATR_B111_060,bg,「ほほう、これが勉強というやつですか。どれどれ」,H:\GDUT2025_12\Voice_atri_mika\voices\atr_b111_060.opus
atr_b111_061.opus,ATR_B111_061,bg,「ふむふむ……」,H:\GDUT2025_12\Voice_atri_mika\voices\atr_b111_061.opus
atr_b111_062.opus,ATR_B111_062,bg,「いいじゃないですかー、どうせ使ってないんでしょう？」,H:\GDUT2025_12\Voice_atri_mika\voices\atr_b111_062.opus
atr_b111_063.opus,ATR_B111_063,bg,「水菜萌せんせー、質問いいですか」,H:\GDUT2025_12\Voice_atri_mika\voices\atr_b111_063.opus
atr_b111_064.opus,ATR_B111_064,bg,「これなんですが……」,H:\GDUT2025_12\Voice_atri_mika\voices\atr_b111_064.opus
atr_b111_065.opus,ATR_B111_065,bg,「水菜萌、先生なのに分からないんですか？」,H:\GDUT2025_12\Voice_atri_mika\voices\atr_b111_065.opus
atr_b111_066.opus,ATR_B111_066,bg,「水菜萌は何年生ですか？」,H:\GDUT2025_12\Voice_atri_mika\voices\atr_b111_066.opus
atr_b111_067.opus,ATR_B111_067,bg,「ここです」,H:\GDUT2025_12\Voice_atri_mika\voices\atr_b111_067.opus
atr_b111_068.opus,ATR_B111_068,bg,「なるほどー。ありがとうございます」,H:\GDUT2025_12\Voice_atri_mika\voices\atr_b111_068.opus
atr_b112_001.opus,ATR_B112_001,bgm,「勉強はもうおしまいですか？」,H:\GDUT2025_12\Voice_atri_mika\voices\atr_b112_001.opus
atr_b112_002.opus,ATR_B112_002,bgm,「べんきょー楽しかったなー」,H:\GDUT2025_12\Voice_atri_mika\voices\atr_b112_002.opus
atr_b112_003.opus,ATR_B112_003,bgm,「今日だけでめちゃくちゃ賢くなりましたよわたし。スーパーロボットになる日も近いですね！」,H:\GDUT2025_12\Voice_atri_mika\voices\atr_b112_003.opus
atr_b112_004.opus,ATR_B112_004,bgm,「でしょう。えへへー」,H:\GDUT2025_12\Voice_atri_mika\voices\atr_b112_004.opus
atr_b112_005.opus,ATR_B112_005,bgm,「明日も学校行きましょうね」,H:\GDUT2025_12\Voice_atri_mika\voices\atr_b112_005.opus
atr_b112_006.opus,ATR_B112_006,bgm,「？　なんですか？ジッとわたしを見つめて……」,H:\GDUT2025_12\Voice_atri_mika\voices\atr_b112_006.opus
atr_b112_007.opus,ATR_B112_007,bgm,「……あっ、もしかしてチュウがしたくなりました？」,H:\GDUT2025_12\Voice_atri_mika\voices\atr_b112_007.opus
atr_b112_008.opus,ATR_B112_008,bgm,「いけませんよ、ヒューマノイドとのそういった行為は、倫理規定に抵触します」,H:\GDUT2025_12\Voice_atri_mika\voices\atr_b112_008.opus
atr_b112_009.opus,ATR_B112_009,bgm,「場合によっては没収の対象となりますのでご注意を」,H:\GDUT2025_12\Voice_atri_mika\voices\atr_b112_009.opus
atr_b112_010.opus,ATR_B112_010,bgm,「やっぱりしたいんですね！？すでに一度許してるとはいえ……」,H:\GDUT2025_12\Voice_atri_mika\voices\atr_b112_010.opus
atr_b112_011.opus,ATR_B112_011,bgm,「したじゃないですかー、夏生さんが海に落ちた時」,H:\GDUT2025_12\Voice_atri_mika\voices\atr_b112_011.opus
atr_b112_012.opus,ATR_B112_012,bgm,「唇と唇を触れ合わせる行為をキスと言います。人と人との愛情表現、とりわけ恋人同士でいたします。夏生さんはもう大きいのにものを知りませんね」,H:\GDUT2025_12\Voice_atri_mika\voices\atr_b112_012.opus
atr_b112_013.opus,ATR_B112_013,bgm,「勉強はできるようですが、そういった社会常識がないと苦労しますよ」,H:\GDUT2025_12\Voice_atri_mika\voices\atr_b112_013.opus
atr_b112_014.opus,ATR_B112_014,bgm,「ほえ？　もう幾度も経験済みでしたか？」,H:\GDUT2025_12\Voice_atri_mika\voices\atr_b112_014.opus
atr_b112_015.opus,ATR_B112_015,bgm,「？」,H:\GDUT2025_12\Voice_atri_mika\voices\atr_b112_015.opus
atr_b112_016.opus,ATR_B112_016,bgm,「ですね！」,H:\GDUT2025_12\Voice_atri_mika\voices\atr_b112_016.opus
atr_b112_017.opus,ATR_B112_017,bgm,「当たり前じゃないですかー。わたしを何だと思ってます？」,H:\GDUT2025_12\Voice_atri_mika\voices\atr_b112_017.opus
atr_b112_018.opus,ATR_B112_018,bgm,「ふっふっふっふ。今日の夕飯は任せてくださいですよ」,H:\GDUT2025_12\Voice_atri_mika\voices\atr_b112_018.opus
atr_b112_019.opus,ATR_B112_019,bgm,「そうはいきません、まだわたしの真価をお見せできてません！」,H:\GDUT2025_12\Voice_atri_mika\voices\atr_b112_019.opus
atr_b112_020.opus,ATR_B112_020,bgm,「あ、こんばんは水菜萌」,H:\GDUT2025_12\Voice_atri_mika\voices\atr_b112_020.opus
atr_b112_021.opus,ATR_B112_021,bgm,「人間のようなミスをするのは、ある意味わたしが高性能である証で……」,H:\GDUT2025_12\Voice_atri_mika\voices\atr_b112_021.opus
atr_b112_022.opus,ATR_B112_022,bg,「ロボットにポンコツと言うのは差別発言です！改めない場合、差別禁止法により罰せられ――」,H:\GDUT2025_12\Voice_atri_mika\voices\atr_b112_022.opus
atr_b112_023.opus,ATR_B112_023,bg,「はぐあッ！！？」,H:\GDUT2025_12\Voice_atri_mika\voices\atr_b112_023.opus
atr_b112_024.opus,ATR_B112_024,bg,「あわわわっ、ロボットに対する暴力行為は、それはそれで違反行為で、懲役３年以下のぉぉ～～」,H:\GDUT2025_12\Voice_atri_mika\voices\atr_b112_024.opus
atr_b112_025.opus,ATR_B112_025,bg,「ち……陳謝しますから、それだけはご勘弁を……」,H:\GDUT2025_12\Voice_atri_mika\voices\atr_b112_025.opus
atr_b112_026.opus,ATR_B112_026,bgm,「ぐべっ」,H:\GDUT2025_12\Voice_atri_mika\voices\atr_b112_026.opus
atr_b112_027.opus,ATR_B112_027,bgm,「はわわ……ひどい目に遭いました」,H:\GDUT2025_12\Voice_atri_mika\voices\atr_b112_027.opus
atr_b112_064.opus,ATR_B112_064,bg,「？　お話に夢中だったので、てっきりもうお腹いっぱいなんだと」,H:\GDUT2025_12\Voice_atri_mika\voices\atr_b112_064.opus
atr_b112_079.opus,ATR_B112_079,bgm,「とりあえずはいてみようと思います」,H:\GDUT2025_12\Voice_atri_mika\voices\atr_b112_079.opus
atr_b113_033.opus,ATR_B113_033,bgm,「わたしの必殺技の威力はどうですか？これでも手加減した方ですよ！」,H:\GDUT2025_12\Voice_atri_mika\voices\atr_b113_033.opus
atr_b113_034.opus,ATR_B113_034,bgm,「本気を出せばこうです」,H:\GDUT2025_12\Voice_atri_mika\voices\atr_b113_034.opus
atr_b113_035.opus,ATR_B113_035,bgm,「ふぬぬぬ～～……」,H:\GDUT2025_12\Voice_atri_mika\voices\atr_b113_035.opus
atr_b114_082.opus,ATR_B114_082,bgm,「わかりましたー」,H:\GDUT2025_12\Voice_atri_mika\voices\atr_b114_082.opus
atr_b121_004.opus,ATR_B121_004,bgm,「ほんとですか？夏生さんが褒めてくれましたよ、水菜萌」,H:\GDUT2025_12\Voice_atri_mika\voices\atr_b121_004.opus
atr_b203_001.opus,ATR_B203_001,bgm,「そうです……。わたしを避けてると言いますか……」,H:\GDUT2025_12\Voice_atri_mika\voices\atr_b203_001.opus
atr_b203_002.opus,ATR_B203_002,bgm,「わたしは夏生さんと一緒にいたいのに、夏生さんはそうじゃないみたいで……。どうしたらいいと思いますか？」,H:\GDUT2025_12\Voice_atri_mika\voices\atr_b203_002.opus
atr_b203_003.opus,ATR_B203_003,bgm,「？　そういうのでは」,H:\GDUT2025_12\Voice_atri_mika\voices\atr_b203_003.opus
atr_b203_004.opus,ATR_B203_004,bg,「……そういう事でいいです」,H:\GDUT2025_12\Voice_atri_mika\voices\atr_b203_004.opus
atr_b203_006.opus,ATR_B203_006,bgm,「それは、夏生さんのためになる事を言ってるのに、夏生さんが駄々っ子ナッちゃんになってしまうからです」,H:\GDUT2025_12\Voice_atri_mika\voices\atr_b203_006.opus
atr_b205_027.opus,ATR_B205_027,bg,「あたたた、ぐりぐりしないでぇ～～」,H:\GDUT2025_12\Voice_atri_mika\voices\atr_b205_027.opus
atr_b205_028.opus,ATR_B205_028,bg,「なるほどー、学習しました。はい、夏生さんも一口どーぞ」,H:\GDUT2025_12\Voice_atri_mika\voices\atr_b205_028.opus
atr_b206_023.opus,ATR_B206_023,bg,「むむーー」,H:\GDUT2025_12\Voice_atri_mika\voices\atr_b206_023.opus
atr_b206_026.opus,ATR_B206_026,bg,「む～～、泳げません。というか浮きません」,H:\GDUT2025_12\Voice_atri_mika\voices\atr_b206_026.opus
atr_b207_064.opus,ATR_B207_064,bgm,「ン……！？」,H:\GDUT2025_12\Voice_atri_mika\voices\atr_b207_064.opus
atr_b207_065.opus,ATR_B207_065,bgm,「ン……ンン…………」,H:\GDUT2025_12\Voice_atri_mika\voices\atr_b207_065.opus
atr_b304_020.opus,ATR_B304_020,bg,「明日はわたしが取りにいきます。早く元気になります」,H:\GDUT2025_12\Voice_atri_mika\voices\atr_b304_020.opus
atr_b304_125.opus,ATR_B304_125,bgm,「なるほど」,H:\GDUT2025_12\Voice_atri_mika\voices\atr_b304_125.opus
atr_b304_128.opus,ATR_B304_128,bg,「すみません夏生さん……手が滑ってしまいました」,H:\GDUT2025_12\Voice_atri_mika\voices\atr_b304_128.opus
atr_b304_129.opus,ATR_B304_129,bg,「はいバカですポンコツです。反省します」,H:\GDUT2025_12\Voice_atri_mika\voices\atr_b304_129.opus
atr_b304_130.opus,ATR_B304_130,bgm,「……ッ」,H:\GDUT2025_12\Voice_atri_mika\voices\atr_b304_130.opus
atr_b304_132.opus,ATR_B304_132,bgm,「……ログがないんです」,H:\GDUT2025_12\Voice_atri_mika\voices\atr_b304_132.opus
atr_b304_133.opus,ATR_B304_133,bgm,「夏生さんにサルベージしていただいてから、１日も欠かさずに付けていたのに……」,H:\GDUT2025_12\Voice_atri_mika\voices\atr_b304_133.opus
atr_b304_134.opus,ATR_B304_134,bgm,「はい……」,H:\GDUT2025_12\Voice_atri_mika\voices\atr_b304_134.opus
atr_b999_001.opus,ATR_B999_001,bg,アトリ,H:\GDUT2025_12\Voice_atri_mika\voices\atr_b999_001.opus
atr_b999_002.opus,ATR_B999_002,bg,アトリ,H:\GDUT2025_12\Voice_atri_mika\voices\atr_b999_002.opus
atr_b999_003.opus,ATR_B999_003,bg,アトリ,H:\GDUT2025_12\Voice_atri_mika\voices\atr_b999_003.opus
atr_b999_004.opus,ATR_B999_004,bg,アトリ,H:\GDUT2025_12\Voice_atri_mika\voices\atr_b999_004.opus
atr_b999_005.opus,ATR_B999_005,bg,アトリ,H:\GDUT2025_12\Voice_atri_mika\voices\atr_b999_005.opus
atr_b999_006.opus,ATR_B999_006,bg,アトリ,H:\GDUT2025_12\Voice_atri_mika\voices\atr_b999_006.opus
atr_b999_007.opus,ATR_B999_007,bg,アトリ,H:\GDUT2025_12\Voice_atri_mika\voices\atr_b999_007.opus
atr_b999_008.opus,ATR_B999_008,bg,アトリ,H:\GDUT2025_12\Voice_atri_mika\voices\atr_b999_008.opus
atr_b999_009.opus,ATR_B999_009,bgm,アトリ,H:\GDUT2025_12\Voice_atri_mika\voices\atr_b999_009.opus
atr_b999_010.opus,ATR_B999_010,bgm,アトリ,H:\GDUT2025_12\Voice_atri_mika\voices\atr_b999_010.opus
atr_b999_011.opus,ATR_B999_011,bgm,アトリ,H:\GDUT2025_12\Voice_atri_mika\voices\atr_b999_011.opus
atr_b999_012.opus,ATR_B999_012,bgm,アトリ,H:\GDUT2025_12\Voice_atri_mika\voices\atr_b999_012.opus
atr_b999_013.opus,ATR_B999_013,bgm,アトリ,H:\GDUT2025_12\Voice_atri_mika\voices\atr_b999_013.opus
cat_b101_001.opus,CAT_B101_001,bg,「起きた？うなされてたわよ？」,H:\GDUT2025_12\Voice_atri_mika\voices\cat_b101_001.opus
cat_b101_002.opus,CAT_B101_002,bg,「いつも人相が悪いけど、寝起きだと一層ひどいわね。気の弱い子供なら、睨まれただけで泣いちゃいそう」,H:\GDUT2025_12\Voice_atri_mika\voices\cat_b101_002.opus
cat_b101_003.opus,CAT_B101_003,ev,「今度こそ飛ぶのかねぇ」,H:\GDUT2025_12\Voice_atri_mika\voices\cat_b101_003.opus
cat_b101_004.opus,CAT_B101_004,ev,「ふぅん、だといいけど。花火を打ち上げるゆとりがあるなら、あたしら庶民の暮らしをどうにかしなさいよってね」,H:\GDUT2025_12\Voice_atri_mika\voices\cat_b101_004.opus
cat_b101_005.opus,CAT_B101_005,bgm,「いい天気ね。絶好の潜水日和だわ。早速始める？」,H:\GDUT2025_12\Voice_atri_mika\voices\cat_b101_005.opus
cat_b101_006.opus,CAT_B101_006,bg,「うーい」,H:\GDUT2025_12\Voice_atri_mika\voices\cat_b101_006.opus
cat_b101_007.opus,CAT_B101_007,bg,「あんたこそ誰よ」,H:\GDUT2025_12\Voice_atri_mika\voices\cat_b101_007.opus
cat_b101_008.opus,CAT_B101_008,bg,「ふぅん、あいつ友達なんかいたんだ」,H:\GDUT2025_12\Voice_atri_mika\voices\cat_b101_008.opus
cat_b101_009.opus,CAT_B101_009,bg,「あたし？うんとねぇ……愛人？」,H:\GDUT2025_12\Voice_atri_mika\voices\cat_b101_009.opus
cat_b101_010.opus,CAT_B101_010,bg,「ただのビジネスパートナーよ」,H:\GDUT2025_12\Voice_atri_mika\voices\cat_b101_010.opus
cat_b101_011.opus,CAT_B101_011,bg,「坊やはね、働かなきゃいけないの。一攫千金のために。ガキんちょは帰んな」,H:\GDUT2025_12\Voice_atri_mika\voices\cat_b101_011.opus
cat_b101_012.opus,CAT_B101_012,bgm,「あたしが教えてやんよ。来てみ」,H:\GDUT2025_12\Voice_atri_mika\voices\cat_b101_012.opus
cat_b101_013.opus,CAT_B101_013,bg,キャサリン,H:\GDUT2025_12\Voice_atri_mika\voices\cat_b101_013.opus
cat_b101_014.opus,CAT_B101_014,bg,キャサリン,H:\GDUT2025_12\Voice_atri_mika\voices\cat_b101_014.opus
cat_b101_015.opus,CAT_B101_015,bg,キャサリン,H:\GDUT2025_12\Voice_atri_mika\voices\cat_b101_015.opus
cat_b101_016.opus,CAT_B101_016,bg,キャサリン,H:\GDUT2025_12\Voice_atri_mika\voices\cat_b101_016.opus
cat_b101_017.opus,CAT_B101_017,bg3,キャサリン,H:\GDUT2025_12\Voice_atri_mika\voices\cat_b101_017.opus
cat_b101_018.opus,CAT_B101_018,bg,キャサリン,H:\GDUT2025_12\Voice_atri_mika\voices\cat_b101_018.opus
cat_b101_019.opus,CAT_B101_019,bg,キャサリン,H:\GDUT2025_12\Voice_atri_mika\voices\cat_b101_019.opus
cat_b101_020.opus,CAT_B101_020,bg,キャサリン,H:\GDUT2025_12\Voice_atri_mika\voices\cat_b101_020.opus
cat_b101_021.opus,CAT_B101_021,bg,キャサリン,H:\GDUT2025_12\Voice_atri_mika\voices\cat_b101_021.opus
cat_b101_022.opus,CAT_B101_022,bgm,「ふぃぃ……あんたがムチャするから、転覆するかと思ったわ」,H:\GDUT2025_12\Voice_atri_mika\voices\cat_b101_022.opus
cat_b101_023.opus,CAT_B101_023,bgm,「やけに急いでるわねぇ」,H:\GDUT2025_12\Voice_atri_mika\voices\cat_b101_023.opus
cat_b101_024.opus,CAT_B101_024,bgm,「こいつはお宝を見付けたわね！」,H:\GDUT2025_12\Voice_atri_mika\voices\cat_b101_024.opus
cat_b101_025.opus,CAT_B101_025,bgm,「おっこちるわよ！あんたその足じゃ泳げないでしょっ」,H:\GDUT2025_12\Voice_atri_mika\voices\cat_b101_025.opus
cat_b101_026.opus,CAT_B101_026,bgm,「債務者を逃がさないのがあたしの仕事だからね」,H:\GDUT2025_12\Voice_atri_mika\voices\cat_b101_026.opus
cat_b101_027.opus,CAT_B101_027,bgm,「ところでさぁ、この小娘は何モン？」,H:\GDUT2025_12\Voice_atri_mika\voices\cat_b101_027.opus
cat_b101_028.opus,CAT_B101_028,bg,「ヒューマノイドね！あの婆さん、こんな物隠し持ってたの！？」,H:\GDUT2025_12\Voice_atri_mika\voices\cat_b101_028.opus
cat_b101_029.opus,CAT_B101_029,bgm,「でかしたわ坊や！こいつは、高く売れるわよ～♪」,H:\GDUT2025_12\Voice_atri_mika\voices\cat_b101_029.opus
cat_b101_030.opus,CAT_B101_030,bgm,「当たり前でしょう、そのためにサルベージしたんだから」,H:\GDUT2025_12\Voice_atri_mika\voices\cat_b101_030.opus
cat_b101_031.opus,CAT_B101_031,bgm,「今じゃ珍しくなったからねぇ。ふっかけりゃ八千草博士の借金をチャラにして、余裕でおつりがくるわね」,H:\GDUT2025_12\Voice_atri_mika\voices\cat_b101_031.opus
cat_b101_032.opus,CAT_B101_032,bgm,「マスター？　あぁ、八千草博士ね。博士なら……」,H:\GDUT2025_12\Voice_atri_mika\voices\cat_b101_032.opus
cat_b101_033.opus,CAT_B101_033,bgm,「ロボットなんだから、これでも感情表現豊かな方でしょ」,H:\GDUT2025_12\Voice_atri_mika\voices\cat_b101_033.opus
cat_b101_034.opus,CAT_B101_034,bgm,「でも安心して！婆さんの遺産はこいつが相続した。つまり今のマスターはこの坊や」,H:\GDUT2025_12\Voice_atri_mika\voices\cat_b101_034.opus
cat_b102_001.opus,CAT_B102_001,bgm,「さて、あたしらも行こうか」,H:\GDUT2025_12\Voice_atri_mika\voices\cat_b102_001.opus
cat_b102_002.opus,CAT_B102_002,bgm,「町よ。そいつを売らなきゃいけないでしょ」,H:\GDUT2025_12\Voice_atri_mika\voices\cat_b102_002.opus
cat_b102_003.opus,CAT_B102_003,bgm,「どこで売るかはさておき、だいたいの値段だけ先に見積もっておきたいわ」,H:\GDUT2025_12\Voice_atri_mika\voices\cat_b102_003.opus
cat_b102_004.opus,CAT_B102_004,bg,「いいねぇ、こういうゴミゴミした場所は好きよ。あたしみたいなのが紛れてても、目立ちにくいからね」,H:\GDUT2025_12\Voice_atri_mika\voices\cat_b102_004.opus
cat_b102_005.opus,CAT_B102_005,bgm,「……ねえ、あれなんとかならないの」,H:\GDUT2025_12\Voice_atri_mika\voices\cat_b102_005.opus
cat_b102_006.opus,CAT_B102_006,bgm,「印象が悪い。端から見ると人買いみたいよ」,H:\GDUT2025_12\Voice_atri_mika\voices\cat_b102_006.opus
cat_b102_007.opus,CAT_B102_007,bgm,「後にしなさい」,H:\GDUT2025_12\Voice_atri_mika\voices\cat_b102_007.opus
cat_b102_008.opus,CAT_B102_008,bg,「なるほどね、足が汚れてちゃ売値が下がっちゃうものね。気が利くじゃないの坊や」,H:\GDUT2025_12\Voice_atri_mika\voices\cat_b102_008.opus
cat_b102_009.opus,CAT_B102_009,bg,「早くしなさいよ、どれでも一緒でしょ」,H:\GDUT2025_12\Voice_atri_mika\voices\cat_b102_009.opus
cat_b102_010.opus,CAT_B102_010,bg,「面倒くさいわね。もう、あんたが決めてあげなさいな」,H:\GDUT2025_12\Voice_atri_mika\voices\cat_b102_010.opus
cat_b102_011.opus,CAT_B102_011,bg,「よかったわね。さ、いくわよ」,H:\GDUT2025_12\Voice_atri_mika\voices\cat_b102_011.opus
cat_b102_012.opus,CAT_B102_012,bg,「ダメよ！　何を言い出すかと思ったらダメに決まってんでしょうがっ！」,H:\GDUT2025_12\Voice_atri_mika\voices\cat_b102_012.opus
cat_b102_013.opus,CAT_B102_013,bg,「さあ、行くわよ！」,H:\GDUT2025_12\Voice_atri_mika\voices\cat_b102_013.opus
cat_b102_014.opus,CAT_B102_014,bg,「都市でもそうそう見かけない上物よ」,H:\GDUT2025_12\Voice_atri_mika\voices\cat_b102_014.opus
cat_b102_015.opus,CAT_B102_015,bg,「言われなくても、仕事が片付いたら出ていくわよ。それで、いくらになりそう？」,H:\GDUT2025_12\Voice_atri_mika\voices\cat_b102_015.opus
cat_b102_016.opus,CAT_B102_016,bg,「どうしてよ」,H:\GDUT2025_12\Voice_atri_mika\voices\cat_b102_016.opus
cat_b102_017.opus,CAT_B102_017,bg,「いいや、そんなはずないね。稼動するヒューマノイドよ、リコール品でもいい値が付くはず！」,H:\GDUT2025_12\Voice_atri_mika\voices\cat_b102_017.opus
cat_b102_018.opus,CAT_B102_018,bg,「これが、八千草博士の借用書」,H:\GDUT2025_12\Voice_atri_mika\voices\cat_b102_018.opus
cat_b102_019.opus,CAT_B102_019,bg,「でしょうね。正直、あんたにそれは期待してないわ」,H:\GDUT2025_12\Voice_atri_mika\voices\cat_b102_019.opus
cat_b102_020.opus,CAT_B102_020,bg,「かといって手ぶらじゃ帰れない。あたしだってプロですからね」,H:\GDUT2025_12\Voice_atri_mika\voices\cat_b102_020.opus
cat_b102_021.opus,CAT_B102_021,bg,「協力しましょ。そうしたら、お互いにいい思いができるから」,H:\GDUT2025_12\Voice_atri_mika\voices\cat_b102_021.opus
cat_b102_022.opus,CAT_B102_022,bg,「八千草博士の遺産をサルベージしたいの。博士は高価な何かを倉庫に仕舞ったまま、海に沈めてしまった」,H:\GDUT2025_12\Voice_atri_mika\voices\cat_b102_022.opus
cat_b102_023.opus,CAT_B102_023,bg,「それを引き揚げて、山分けしましょ。それで借金はチャラって事で」,H:\GDUT2025_12\Voice_atri_mika\voices\cat_b102_023.opus
cat_b102_024.opus,CAT_B102_024,bg,「どうかしら、坊や」,H:\GDUT2025_12\Voice_atri_mika\voices\cat_b102_024.opus
cat_b102_025.opus,CAT_B102_025,bg,「勝った！人生の賭けに勝った！」,H:\GDUT2025_12\Voice_atri_mika\voices\cat_b102_025.opus
cat_b102_026.opus,CAT_B102_026,bg,「チッ……まぁ、しょうがないわね。時間はどのくらいかかる？」,H:\GDUT2025_12\Voice_atri_mika\voices\cat_b102_026.opus
cat_b102_027.opus,CAT_B102_027,bg,「結構かかるわね。なるべく高く買ってくれる相手を見付けてよね」,H:\GDUT2025_12\Voice_atri_mika\voices\cat_b102_027.opus
cat_b102_028.opus,CAT_B102_028,bg,「あたしも行くからね。持ち逃げされちゃたまらないから」,H:\GDUT2025_12\Voice_atri_mika\voices\cat_b102_028.opus
cat_b102_029.opus,CAT_B102_029,bg,「さーて、腹ごしらえでもするかね。朝からリンゴしか食べてないし」,H:\GDUT2025_12\Voice_atri_mika\voices\cat_b102_029.opus
cat_b102_030.opus,CAT_B102_030,bg2,「ロボットに当たるんじゃないわよ、みっともない」,H:\GDUT2025_12\Voice_atri_mika\voices\cat_b102_030.opus
cat_b102_031.opus,CAT_B102_031,bg2,「ほいじゃ、ジャンク屋が買い手を見付けるまで、この子はあたしが預かっておくわ。さ、来なさい」,H:\GDUT2025_12\Voice_atri_mika\voices\cat_b102_031.opus
cat_b102_033.opus,CAT_B102_033,bg2,「はぁ？　バカ言ってんじゃないわよ。あんたがこいつを連れて逃げないって保証、どこにあるのよ」,H:\GDUT2025_12\Voice_atri_mika\voices\cat_b102_033.opus
cat_b102_034.opus,CAT_B102_034,bg2,「あたしが連れてても、マスターのあんたがいなきゃどうにもできないんだから、一緒じゃないでしょ」,H:\GDUT2025_12\Voice_atri_mika\voices\cat_b102_034.opus
cat_b102_035.opus,CAT_B102_035,bgm,「また連絡するわ。あーお腹空いたー、何食べよっかなぁ～」,H:\GDUT2025_12\Voice_atri_mika\voices\cat_b102_035.opus
min_b101_001.opus,MIN_B101_001,bg,「こ……こんにちはーー」,H:\GDUT2025_12\Voice_atri_mika\voices\min_b101_001.opus
min_b101_002.opus,MIN_B101_002,bg,「ナツくーーん」,H:\GDUT2025_12\Voice_atri_mika\voices\min_b101_002.opus
min_b101_003.opus,MIN_B101_003,bg,「……寝てるのかな。呼び鈴付けてくんないかなぁ」,H:\GDUT2025_12\Voice_atri_mika\voices\min_b101_003.opus
min_b101_004.opus,MIN_B101_004,bg,「あ、ナツく……」,H:\GDUT2025_12\Voice_atri_mika\voices\min_b101_004.opus
min_b101_005.opus,MIN_B101_005,bg,「……誰っ！？」,H:\GDUT2025_12\Voice_atri_mika\voices\min_b101_005.opus
min_b101_006.opus,MIN_B101_006,bg,「えとえと……ナツくんのお友達の、神白水菜萌です」,H:\GDUT2025_12\Voice_atri_mika\voices\min_b101_006.opus
min_b101_007.opus,MIN_B101_007,bg,「あの、お姉さんはいったい……」,H:\GDUT2025_12\Voice_atri_mika\voices\min_b101_007.opus
min_b101_008.opus,MIN_B101_008,bg,「あ・い・じ・ん！！？」,H:\GDUT2025_12\Voice_atri_mika\voices\min_b101_008.opus
min_b101_009.opus,MIN_B101_009,bg,「？　……つまり、どういう関係なの……」,H:\GDUT2025_12\Voice_atri_mika\voices\min_b101_009.opus
min_b101_010.opus,MIN_B101_010,bg,「ナツくん、学校いこ」,H:\GDUT2025_12\Voice_atri_mika\voices\min_b101_010.opus
min_b101_011.opus,MIN_B101_011,bg,「転校してきてから一度も登校してないよね？」,H:\GDUT2025_12\Voice_atri_mika\voices\min_b101_011.opus
min_b101_012.opus,MIN_B101_012,bg,「ぴ……」,H:\GDUT2025_12\Voice_atri_mika\voices\min_b101_012.opus
min_b101_013.opus,MIN_B101_013,bg,「？　暇じゃないよ。学校いかなきゃだから」,H:\GDUT2025_12\Voice_atri_mika\voices\min_b101_013.opus
min_b101_014.opus,MIN_B101_014,bg,「え……賢くなるために行くんでしょ？？」,H:\GDUT2025_12\Voice_atri_mika\voices\min_b101_014.opus
min_b101_015.opus,MIN_B101_015,bg,「あ、待ってよナツくんっ。ねえ、ナツくぅ～～ん！」,H:\GDUT2025_12\Voice_atri_mika\voices\min_b101_015.opus
min_b101_016.opus,MIN_B101_016,bgm,「ついて来ちゃった……学校あるのに」,H:\GDUT2025_12\Voice_atri_mika\voices\min_b101_016.opus
min_b101_017.opus,MIN_B101_017,bgm,「わ……わかんない」,H:\GDUT2025_12\Voice_atri_mika\voices\min_b101_017.opus
min_b101_018.opus,MIN_B101_018,bgm,「ぴ……」,H:\GDUT2025_12\Voice_atri_mika\voices\min_b101_018.opus
min_b101_019.opus,MIN_B101_019,bg,「その子、大丈夫なの……よく見ると錆び錆びだけど」,H:\GDUT2025_12\Voice_atri_mika\voices\min_b101_019.opus
min_b101_020.opus,MIN_B101_020,bg,「いやダメでしょ。沈んじゃうよ」,H:\GDUT2025_12\Voice_atri_mika\voices\min_b101_020.opus
min_b101_021.opus,MIN_B101_021,bg,「…………」,H:\GDUT2025_12\Voice_atri_mika\voices\min_b101_021.opus
min_b101_022.opus,MIN_B101_022,bg,『ナツくんっ』,H:\GDUT2025_12\Voice_atri_mika\voices\min_b101_022.opus
min_b101_023.opus,MIN_B101_023,bg,『無事なの？　元気にしてる？水漏れしてない？』,H:\GDUT2025_12\Voice_atri_mika\voices\min_b101_023.opus
min_b101_024.opus,MIN_B101_024,bg,『できれば早めに帰ってきてくれると嬉しいな……』,H:\GDUT2025_12\Voice_atri_mika\voices\min_b101_024.opus
min_b101_025.opus,MIN_B101_025,bg,『じゃなくて、学校遅刻しちゃうっ』,H:\GDUT2025_12\Voice_atri_mika\voices\min_b101_025.opus
min_b101_026.opus,MIN_B101_026,bg,『……サボったのばれたら、お母さんに怒られるぅ……』,H:\GDUT2025_12\Voice_atri_mika\voices\min_b101_026.opus
min_b101_027.opus,MIN_B101_027,bg,『はえっ！？……ナツくんに急に褒められたぁ』,H:\GDUT2025_12\Voice_atri_mika\voices\min_b101_027.opus
min_b101_028.opus,MIN_B101_028,bg,『どうしたのナツくん？何かあった？』,H:\GDUT2025_12\Voice_atri_mika\voices\min_b101_028.opus
min_b101_029.opus,MIN_B101_029,bg,『わ、わかった！　えいっ』,H:\GDUT2025_12\Voice_atri_mika\voices\min_b101_029.opus
min_b101_030.opus,MIN_B101_030,bgm,「？　……あっ、戻ってきた！」,H:\GDUT2025_12\Voice_atri_mika\voices\min_b101_030.opus
min_b101_031.opus,MIN_B101_031,bgm,「危ないよナツくんっ、何してるのっ」,H:\GDUT2025_12\Voice_atri_mika\voices\min_b101_031.opus
min_b101_032.opus,MIN_B101_032,bgm,「あの子？」,H:\GDUT2025_12\Voice_atri_mika\voices\min_b101_032.opus
min_b101_033.opus,MIN_B101_033,bg,「えっ、誰？？」,H:\GDUT2025_12\Voice_atri_mika\voices\min_b101_033.opus
min_b101_034.opus,MIN_B101_034,bg,「よがっだぁぁ～～！ナツくん死んじゃったかと思ったぁぁぁ～～」,H:\GDUT2025_12\Voice_atri_mika\voices\min_b101_034.opus
min_b101_035.opus,MIN_B101_035,bg,「グスン……ううん、私じゃないよ」,H:\GDUT2025_12\Voice_atri_mika\voices\min_b101_035.opus
min_b101_036.opus,MIN_B101_036,bgm,「この子、どこから来たの？潜る時、一緒じゃなかったよね」,H:\GDUT2025_12\Voice_atri_mika\voices\min_b101_036.opus
min_b101_037.opus,MIN_B101_037,bgm,「？　どういう事？？」,H:\GDUT2025_12\Voice_atri_mika\voices\min_b101_037.opus
min_b101_038.opus,MIN_B101_038,bgm,「……この子、ロボットなんだ。すごーい、全然見えない」,H:\GDUT2025_12\Voice_atri_mika\voices\min_b101_038.opus
min_b101_039.opus,MIN_B101_039,bgm,「ええっ、売っちゃうの！！？」,H:\GDUT2025_12\Voice_atri_mika\voices\min_b101_039.opus
min_b101_040.opus,MIN_B101_040,bgm,「で、でもぉ、そういうのはダメなんじゃないかな。その……なんとなく……」,H:\GDUT2025_12\Voice_atri_mika\voices\min_b101_040.opus
min_b101_041.opus,MIN_B101_041,bgm,「ほらー、この子もこう言ってるよ」,H:\GDUT2025_12\Voice_atri_mika\voices\min_b101_041.opus
min_b101_042.opus,MIN_B101_042,bgm,「なんか軽い」,H:\GDUT2025_12\Voice_atri_mika\voices\min_b101_042.opus
min_b102_001.opus,MIN_B102_001,bg,「ううー、すごく気になるけど学校行かなきゃだからっ」,H:\GDUT2025_12\Voice_atri_mika\voices\min_b102_001.opus
min_b102_002.opus,MIN_B102_002,bg,「あと、明日は絶対学校来てね、クラスで話し合いたい事があるのっ」,H:\GDUT2025_12\Voice_atri_mika\voices\min_b102_002.opus
min_b102_003.opus,MIN_B102_003,bg,「あーんもぉ、大遅刻だよぉ～～っ」,H:\GDUT2025_12\Voice_atri_mika\voices\min_b102_003.opus
min_b102_004.opus,MIN_B102_004,bg,「あ、ナツくんだ。おーーーーい！！」,H:\GDUT2025_12\Voice_atri_mika\voices\min_b102_004.opus
min_b102_005.opus,MIN_B102_005,bg,「ほらナツくんいたよ。迎えに来てくれたんだよ」,H:\GDUT2025_12\Voice_atri_mika\voices\min_b102_005.opus
min_b102_006.opus,MIN_B102_006,bgm,「お母さんに頼まれて、夕飯の買い物に行く途中で見付けたの」,H:\GDUT2025_12\Voice_atri_mika\voices\min_b102_006.opus
min_b102_007.opus,MIN_B102_007,bgm,「あのね、アトリちゃん迷子になってたんだよ。ナツくん捜して、町中を歩き回ってたんだって」,H:\GDUT2025_12\Voice_atri_mika\voices\min_b102_007.opus
min_b102_008.opus,MIN_B102_008,bg2,「よかったね、アトリちゃん」,H:\GDUT2025_12\Voice_atri_mika\voices\min_b102_008.opus
min_b102_009.opus,MIN_B102_009,bg2,「えへへ、どういたしまして。もう迷子になっちゃダメだよ」,H:\GDUT2025_12\Voice_atri_mika\voices\min_b102_009.opus
min_b102_010.opus,MIN_B102_010,bg2,「じゃーね、バイバイ。あ、ナツくん、明日は学校来てね。学級会やるから～」,H:\GDUT2025_12\Voice_atri_mika\voices\min_b102_010.opus
min_b111_001.opus,MIN_B111_001,bg,「問題できた人から言いに来てねー」,H:\GDUT2025_12\Voice_atri_mika\voices\min_b111_001.opus
min_b111_002.opus,MIN_B111_002,bg,「はいはい、授業に集中しようね。ていうか凜々花どこいっちゃったのかしら……」,H:\GDUT2025_12\Voice_atri_mika\voices\min_b111_002.opus
min_b111_003.opus,MIN_B111_003,bgm,「どこ行ってたの凜々花！授業中でしょ！」,H:\GDUT2025_12\Voice_atri_mika\voices\min_b111_003.opus
min_b111_004.opus,MIN_B111_004,bgm,「よしよし泣かないの。あいつって？」,H:\GDUT2025_12\Voice_atri_mika\voices\min_b111_004.opus
min_b111_005.opus,MIN_B111_005,bgm,「あ、ナツくんだ。来てくれたんだー」,H:\GDUT2025_12\Voice_atri_mika\voices\min_b111_005.opus
min_b111_006.opus,MIN_B111_006,bgm,「ナツくんはそんな事しないよ。ヒットマンってナツくんの事だったの？」,H:\GDUT2025_12\Voice_atri_mika\voices\min_b111_006.opus
min_b111_007.opus,MIN_B111_007,bg,「たしかに……」,H:\GDUT2025_12\Voice_atri_mika\voices\min_b111_007.opus
min_b111_008.opus,MIN_B111_008,bgm,「わー、待って待って、冗談だよぉっ。凜々花、ナツくんを止めてっ」,H:\GDUT2025_12\Voice_atri_mika\voices\min_b111_008.opus
min_b111_009.opus,MIN_B111_009,bgm,「えっとね、うちの学校……今先生がいないんだ」,H:\GDUT2025_12\Voice_atri_mika\voices\min_b111_009.opus
min_b111_010.opus,MIN_B111_010,bgm,「先月で辞めちゃってね。新しい先生も来てくれないから……」,H:\GDUT2025_12\Voice_atri_mika\voices\min_b111_010.opus
min_b111_011.opus,MIN_B111_011,bg,「ほんとはもっといるんだよ。でも、学校行く意味ないだろうって」,H:\GDUT2025_12\Voice_atri_mika\voices\min_b111_011.opus
min_b111_012.opus,MIN_B111_012,bgm,「できない子もいるんだよ。家に居場所がなかったり、手伝いしなきゃいけなかったり……」,H:\GDUT2025_12\Voice_atri_mika\voices\min_b111_012.opus
min_b111_013.opus,MIN_B111_013,bg,「やっと起きた。授業中だよリュウちゃん」,H:\GDUT2025_12\Voice_atri_mika\voices\min_b111_013.opus
min_b111_014.opus,MIN_B111_014,bg,「私が先生です」,H:\GDUT2025_12\Voice_atri_mika\voices\min_b111_014.opus
min_b111_015.opus,MIN_B111_015,bgm,「この人がナツくんだよ。ほら、こないだ言ってた転校生」,H:\GDUT2025_12\Voice_atri_mika\voices\min_b111_015.opus
min_b111_016.opus,MIN_B111_016,bgm,「ナツくん、あの人は野島竜司君。みんなリュウちゃんって呼んでるけど」,H:\GDUT2025_12\Voice_atri_mika\voices\min_b111_016.opus
min_b111_017.opus,MIN_B111_017,bgm,「それで、その子が……」,H:\GDUT2025_12\Voice_atri_mika\voices\min_b111_017.opus
min_b111_018.opus,MIN_B111_018,bgm,「はいはい、みんな席について。アトリちゃんを見習って、真面目に勉強しようね」,H:\GDUT2025_12\Voice_atri_mika\voices\min_b111_018.opus
min_b111_019.opus,MIN_B111_019,bg,「どこかな」,H:\GDUT2025_12\Voice_atri_mika\voices\min_b111_019.opus
min_b111_020.opus,MIN_B111_020,bg,「そこはねぇ、うーんとねぇ……えっとぉ……」,H:\GDUT2025_12\Voice_atri_mika\voices\min_b111_020.opus
min_b111_021.opus,MIN_B111_021,bg,「グサッ。ち、ちがうんだよ、それリュウちゃんの教科書でしょ？リュウちゃんは３年生だから」,H:\GDUT2025_12\Voice_atri_mika\voices\min_b111_021.opus
min_b111_022.opus,MIN_B111_022,bg,「私は１年生だよ。だからまだ全然習ってないとこなの……」,H:\GDUT2025_12\Voice_atri_mika\voices\min_b111_022.opus
min_b111_023.opus,MIN_B111_023,bg,「ねぇ、リュウちゃん。ここ分かる？」,H:\GDUT2025_12\Voice_atri_mika\voices\min_b111_023.opus
min_b111_024.opus,MIN_B111_024,bg,「習ってても、リュウちゃんの事だから、真面目に授業受けてないしね……」,H:\GDUT2025_12\Voice_atri_mika\voices\min_b111_024.opus
min_b111_025.opus,MIN_B111_025,bg,「でもこれ３年生のだよ。ナツくんまだ２年生だよね」,H:\GDUT2025_12\Voice_atri_mika\voices\min_b111_025.opus
min_b111_026.opus,MIN_B111_026,bg,「ナツくんすごーい。どうしてわかるのー？」,H:\GDUT2025_12\Voice_atri_mika\voices\min_b111_026.opus
min_b111_027.opus,MIN_B111_027,bg,「ねぇ、ナツくん……実は私も、分かんないところがあるんだけど」,H:\GDUT2025_12\Voice_atri_mika\voices\min_b111_027.opus
min_b111_028.opus,MIN_B111_028,bg,「ありがとう！　ちょっと待ってね、ここと……ここと……ここと……それから……」,H:\GDUT2025_12\Voice_atri_mika\voices\min_b111_028.opus
min_b111_029.opus,MIN_B111_029,bg,「ナツくんすごい……天才だよっ！」,H:\GDUT2025_12\Voice_atri_mika\voices\min_b111_029.opus
min_b111_030.opus,MIN_B111_030,bg,「リュウちゃん、ナツくんにも色々あったんだよ……」,H:\GDUT2025_12\Voice_atri_mika\voices\min_b111_030.opus
min_b112_001.opus,MIN_B112_001,bgm,「いけない、もうこんな時間だ」,H:\GDUT2025_12\Voice_atri_mika\voices\min_b112_001.opus
min_b112_002.opus,MIN_B112_002,bg,「はーい、今日はここまでー」,H:\GDUT2025_12\Voice_atri_mika\voices\min_b112_002.opus
min_b112_003.opus,MIN_B112_003,bgm,「……それはナツくんのシゴキがハードだったからだよ」,H:\GDUT2025_12\Voice_atri_mika\voices\min_b112_003.opus
min_b112_004.opus,MIN_B112_004,bgm,「あははー……今日は沢山勉強できたなー……」,H:\GDUT2025_12\Voice_atri_mika\voices\min_b112_004.opus
min_b112_005.opus,MIN_B112_005,bgm,「みんな、気をつけて帰るんだよ」,H:\GDUT2025_12\Voice_atri_mika\voices\min_b112_005.opus
min_b112_006.opus,MIN_B112_006,bgm,「さようなら」,H:\GDUT2025_12\Voice_atri_mika\voices\min_b112_006.opus
min_b112_007.opus,MIN_B112_007,bgm,「頼み？」,H:\GDUT2025_12\Voice_atri_mika\voices\min_b112_007.opus
min_b112_008.opus,MIN_B112_008,bg,「……ふぅ、色々準備してたら遅くなっちゃった」,H:\GDUT2025_12\Voice_atri_mika\voices\min_b112_008.opus
min_b112_009.opus,MIN_B112_009,bgm,「ナツくん、もう夕飯食べちゃったかなぁ」,H:\GDUT2025_12\Voice_atri_mika\voices\min_b112_009.opus
min_b112_010.opus,MIN_B112_010,bgm,「はえっ！！？な、なんか争ってる！」,H:\GDUT2025_12\Voice_atri_mika\voices\min_b112_010.opus
min_b112_011.opus,MIN_B112_011,bg,「ケンカしちゃダメーーーー」,H:\GDUT2025_12\Voice_atri_mika\voices\min_b112_011.opus
min_b112_012.opus,MIN_B112_012,bg,「…………？」,H:\GDUT2025_12\Voice_atri_mika\voices\min_b112_012.opus
min_b112_013.opus,MIN_B112_013,bg,「こ……これはいったい！！？」,H:\GDUT2025_12\Voice_atri_mika\voices\min_b112_013.opus
min_b112_014.opus,MIN_B112_014,bgm,「こんばんは……これはいったい」,H:\GDUT2025_12\Voice_atri_mika\voices\min_b112_014.opus
min_b112_015.opus,MIN_B112_015,bgm,「どうしちゃったの……ハッ、まさか、アトリちゃんのプログラムが暴走してビーストモードに」,H:\GDUT2025_12\Voice_atri_mika\voices\min_b112_015.opus
min_b112_016.opus,MIN_B112_016,bgm,「いやこれ……ヘタってレベルじゃ」,H:\GDUT2025_12\Voice_atri_mika\voices\min_b112_016.opus
min_b112_017.opus,MIN_B112_017,bgm,「……ナツくんの本気の怒りを見た。こわい」,H:\GDUT2025_12\Voice_atri_mika\voices\min_b112_017.opus
min_b114_012.opus,MIN_B114_012,bgm,「ふふ、いい子でしょ」,H:\GDUT2025_12\Voice_atri_mika\voices\min_b114_012.opus
min_b114_013.opus,MIN_B114_013,bgm,「素敵でしょう」,H:\GDUT2025_12\Voice_atri_mika\voices\min_b114_013.opus
min_b114_014.opus,MIN_B114_014,bgm,「だって心配なんだもん。また決闘しそうで」,H:\GDUT2025_12\Voice_atri_mika\voices\min_b114_014.opus
min_b123_015.opus,MIN_B123_015,bgm,「だって……夜がこんなに明るいのって、町が海に沈んで以来なんだよ？」,H:\GDUT2025_12\Voice_atri_mika\voices\min_b123_015.opus
min_b203_001.opus,MIN_B203_001,bg,「ナツくんが最近ヘン？」,H:\GDUT2025_12\Voice_atri_mika\voices\min_b203_001.opus
min_b203_002.opus,MIN_B203_002,bgm,「こ、これは……」,H:\GDUT2025_12\Voice_atri_mika\voices\min_b203_002.opus
min_b203_003.opus,MIN_B203_003,bgm,「恋愛相談だね！」,H:\GDUT2025_12\Voice_atri_mika\voices\min_b203_003.opus
min_b203_004.opus,MIN_B203_004,bgm,「恋愛相談だよね！」,H:\GDUT2025_12\Voice_atri_mika\voices\min_b203_004.opus
min_b203_005.opus,MIN_B203_005,bgm,「でもよく言い合いっこしてるよね」,H:\GDUT2025_12\Voice_atri_mika\voices\min_b203_005.opus
rir_b111_001.opus,RIR_B111_001,bgm,「あっ……ヒットマンだ！」,H:\GDUT2025_12\Voice_atri_mika\voices\rir_b111_001.opus
rir_b111_002.opus,RIR_B111_002,bg,「ほら、あそこ！武器持ってて、子分も連れてる！」,H:\GDUT2025_12\Voice_atri_mika\voices\rir_b111_002.opus
rir_b111_003.opus,RIR_B111_003,bgm,「あ、あいつ逃げるぞ！噂ほどじゃないなー」,H:\GDUT2025_12\Voice_atri_mika\voices\rir_b111_003.opus
rir_b111_004.opus,RIR_B111_004,bg,「や……殺られるっ！！？」,H:\GDUT2025_12\Voice_atri_mika\voices\rir_b111_004.opus
rir_b111_005.opus,RIR_B111_005,bg,「あたしが行ってくる」,H:\GDUT2025_12\Voice_atri_mika\voices\rir_b111_005.opus
rir_b111_006.opus,RIR_B111_006,bg,「任せとけ！」,H:\GDUT2025_12\Voice_atri_mika\voices\rir_b111_006.opus
rir_b111_007.opus,RIR_B111_007,bgm,「来てやったぞヒットマン！」,H:\GDUT2025_12\Voice_atri_mika\voices\rir_b111_007.opus
rir_b111_008.opus,RIR_B111_008,bgm,「ザコは引っ込んでろ！」,H:\GDUT2025_12\Voice_atri_mika\voices\rir_b111_008.opus
rir_b111_009.opus,RIR_B111_009,bg,「ヒットマン、あたしと勝負しろ！」,H:\GDUT2025_12\Voice_atri_mika\voices\rir_b111_009.opus
rir_b111_010.opus,RIR_B111_010,bg,「町の人たちが噂してた……。おまえは殺し屋で、３人くらい殺して町に逃げてきたって」,H:\GDUT2025_12\Voice_atri_mika\voices\rir_b111_010.opus
rir_b111_011.opus,RIR_B111_011,bg,「杖がライフルで、足にマシンガンを仕込んでるんだろ？全部知ってるんだからな！」,H:\GDUT2025_12\Voice_atri_mika\voices\rir_b111_011.opus
rir_b111_012.opus,RIR_B111_012,bgm,「そうだ！」,H:\GDUT2025_12\Voice_atri_mika\voices\rir_b111_012.opus
rir_b111_013.opus,RIR_B111_013,bgm,「え、えっ」,H:\GDUT2025_12\Voice_atri_mika\voices\rir_b111_013.opus
rir_b111_014.opus,RIR_B111_014,bgm,「お、おいっ、ダメだぞ、入っちゃ！？学校にはみんながいるんだぞ、みなもちゃんもっ」,H:\GDUT2025_12\Voice_atri_mika\voices\rir_b111_014.opus
rir_b111_015.opus,RIR_B111_015,bgm,「みなもちゃんを狙ってるのかぁ～～！？ごめんみなもちゃん……うぅ」,H:\GDUT2025_12\Voice_atri_mika\voices\rir_b111_015.opus
rir_b111_016.opus,RIR_B111_016,bgm,「ひぐっ、えぐっ……おまえなんか、リュウちゃんがやっつけてくれる！」,H:\GDUT2025_12\Voice_atri_mika\voices\rir_b111_016.opus
rir_b111_017.opus,RIR_B111_017,bgm,「くっそーー、みんなごめんなっ！！」,H:\GDUT2025_12\Voice_atri_mika\voices\rir_b111_017.opus
rir_b111_018.opus,RIR_B111_018,bg,「そうだ！　くっそう、絶対許さないからなっ！くそうくそう」,H:\GDUT2025_12\Voice_atri_mika\voices\rir_b111_018.opus
rir_b111_019.opus,RIR_B111_019,bgm,「みなもちゃんに何する気だ……」,H:\GDUT2025_12\Voice_atri_mika\voices\rir_b111_019.opus
rir_b111_020.opus,RIR_B111_020,bgm,「ハッ、さては好きなんだな！みなもちゃん可愛いもんな！」,H:\GDUT2025_12\Voice_atri_mika\voices\rir_b111_020.opus
rir_b111_021.opus,RIR_B111_021,bgm,「もしかして……告白しに来たのか？」,H:\GDUT2025_12\Voice_atri_mika\voices\rir_b111_021.opus
rir_b111_022.opus,RIR_B111_022,bgm,「みんな逃げてーー！！」,H:\GDUT2025_12\Voice_atri_mika\voices\rir_b111_022.opus
rir_b111_023.opus,RIR_B111_023,bgm,「逃げて、ヒットマンが来た！」,H:\GDUT2025_12\Voice_atri_mika\voices\rir_b111_023.opus
rir_b111_024.opus,RIR_B111_024,bgm,「みなもちゃん、危ない隠れてっ。あいつはみなもちゃんを狙ってるんだぁ～～」,H:\GDUT2025_12\Voice_atri_mika\voices\rir_b111_024.opus
rir_b111_025.opus,RIR_B111_025,bgm,「ヒットマン」,H:\GDUT2025_12\Voice_atri_mika\voices\rir_b111_025.opus
rir_b111_026.opus,RIR_B111_026,bgm,「近づいちゃダメだ、殺られる」,H:\GDUT2025_12\Voice_atri_mika\voices\rir_b111_026.opus
rir_b111_027.opus,RIR_B111_027,bgm,「うん。だってあいつ、３人くらい殺してる目してる」,H:\GDUT2025_12\Voice_atri_mika\voices\rir_b111_027.opus
rir_b111_028.opus,RIR_B111_028,bg,「ここは通さないぞ！」,H:\GDUT2025_12\Voice_atri_mika\voices\rir_b111_028.opus
rir_b111_029.opus,RIR_B111_029,bg,「おい子分、取り押さえろ！」,H:\GDUT2025_12\Voice_atri_mika\voices\rir_b111_029.opus
rir_b111_030.opus,RIR_B111_030,bg,「うーー」,H:\GDUT2025_12\Voice_atri_mika\voices\rir_b111_030.opus
rir_b111_031.opus,RIR_B111_031,bg,「あたしは無力だーーーーーっ！！！」,H:\GDUT2025_12\Voice_atri_mika\voices\rir_b111_031.opus
rir_b112_001.opus,RIR_B112_001,bg,「ヒットマン……鬼だ……鬼ヒットマンだ……」,H:\GDUT2025_12\Voice_atri_mika\voices\rir_b112_001.opus
rir_b112_002.opus,RIR_B112_002,bgm,「おー、また明日なー」,H:\GDUT2025_12\Voice_atri_mika\voices\rir_b112_002.opus
rir_b114_059.opus,RIR_B114_059,bgm,「わーー！船に住んでんだ、かっけーー」,H:\GDUT2025_12\Voice_atri_mika\voices\rir_b114_059.opus
rir_b114_060.opus,RIR_B114_060,bgm,「なつき先生のおうち、見てみたかったんだー！」,H:\GDUT2025_12\Voice_atri_mika\voices\rir_b114_060.opus
rir_b203_001.opus,RIR_B203_001,bgm,「みなもちゃん……圧がすごいよ」,H:\GDUT2025_12\Voice_atri_mika\voices\rir_b203_001.opus
rir_b203_002.opus,RIR_B203_002,bgm,「アトリん、なつき先生と喧嘩したのか？」,H:\GDUT2025_12\Voice_atri_mika\voices\rir_b203_002.opus
ryu_b111_001.opus,RYU_B111_001,bg,「うっせえぞ、静かにしろ」,H:\GDUT2025_12\Voice_atri_mika\voices\ryu_b111_001.opus
ryu_b111_002.opus,RYU_B111_002,bg,「なーにが授業だよ。先生もいねーのに」,H:\GDUT2025_12\Voice_atri_mika\voices\ryu_b111_002.opus
ryu_b111_003.opus,RYU_B111_003,bg,「……誰だてめえ」,H:\GDUT2025_12\Voice_atri_mika\voices\ryu_b111_003.opus
ryu_b111_004.opus,RYU_B111_004,bg,「…………いや、マジで誰だよ」,H:\GDUT2025_12\Voice_atri_mika\voices\ryu_b111_004.opus
ryu_b111_005.opus,RYU_B111_005,bg,「勝手に見るな」,H:\GDUT2025_12\Voice_atri_mika\voices\ryu_b111_005.opus
ryu_b111_006.opus,RYU_B111_006,bg,「……チッ」,H:\GDUT2025_12\Voice_atri_mika\voices\ryu_b111_006.opus
ryu_b111_007.opus,RYU_B111_007,bg,「んだよ、ケンカ売ってんのか？」,H:\GDUT2025_12\Voice_atri_mika\voices\ryu_b111_007.opus
ryu_b111_008.opus,RYU_B111_008,bg,「……けっ、嫌味なヤロウだ」,H:\GDUT2025_12\Voice_atri_mika\voices\ryu_b111_008.opus
ryu_b111_009.opus,RYU_B111_009,bg,「あぁ？　分かるわけねーだろ。俺だって習ってねーし」,H:\GDUT2025_12\Voice_atri_mika\voices\ryu_b111_009.opus
ryu_b111_010.opus,RYU_B111_010,bg,「……人に物を尋ねる態度かそれ」,H:\GDUT2025_12\Voice_atri_mika\voices\ryu_b111_010.opus
ryu_b111_011.opus,RYU_B111_011,bg,「ぐっ……カッコつけやがって」,H:\GDUT2025_12\Voice_atri_mika\voices\ryu_b111_011.opus
ryu_b111_012.opus,RYU_B111_012,bg,「あぁ？」,H:\GDUT2025_12\Voice_atri_mika\voices\ryu_b111_012.opus
ryu_b111_013.opus,RYU_B111_013,bg,「はぁあぁ！？　いらねーしっ！」,H:\GDUT2025_12\Voice_atri_mika\voices\ryu_b111_013.opus
ryu_b111_014.opus,RYU_B111_014,bg,「……いきなり来て、先生気取りかよ。しかも年下のくせに」,H:\GDUT2025_12\Voice_atri_mika\voices\ryu_b111_014.opus
ryu_b111_015.opus,RYU_B111_015,bg,「おまえ……すげーヤツだな」,H:\GDUT2025_12\Voice_atri_mika\voices\ryu_b111_015.opus
ryu_b111_016.opus,RYU_B111_016,bg,「褒めてねーよ。つーか俺らが勉強なんかしたって無駄だろ。なんの役に立つ」,H:\GDUT2025_12\Voice_atri_mika\voices\ryu_b111_016.opus
ryu_b111_017.opus,RYU_B111_017,bg,「ここにいる中に、大学へ行ける人間がいると思ってんのか？」,H:\GDUT2025_12\Voice_atri_mika\voices\ryu_b111_017.opus
ryu_b111_018.opus,RYU_B111_018,bg,「大学なんて行けるのは一部のエリート連中。それ以外が勉強なんざ頑張ったって、何の役にも立たねえ」,H:\GDUT2025_12\Voice_atri_mika\voices\ryu_b111_018.opus
ryu_b111_019.opus,RYU_B111_019,bg,「つまり、時間の無駄ってこった」,H:\GDUT2025_12\Voice_atri_mika\voices\ryu_b111_019.opus
ryu_b111_020.opus,RYU_B111_020,bg,「だいたいよぉ、そんなに勉強が大事なら、なんでおまえはこんなところにいるんだ？」,H:\GDUT2025_12\Voice_atri_mika\voices\ryu_b111_020.opus
ryu_b111_021.opus,RYU_B111_021,bg,「アカデミー？　とかいうエラい学校でお勉強してりゃよかっただろうが」,H:\GDUT2025_12\Voice_atri_mika\voices\ryu_b111_021.opus
ryu_b111_022.opus,RYU_B111_022,bg,「……悪かった、ついむきになっちまって」,H:\GDUT2025_12\Voice_atri_mika\voices\ryu_b111_022.opus
ryu_b111_023.opus,RYU_B111_023,bgm,「かったりーから帰るわ」,H:\GDUT2025_12\Voice_atri_mika\voices\ryu_b111_023.opus
ryu_b114_019.opus,RYU_B114_019,bg,「おう、遅くなっても大丈夫だ」,H:\GDUT2025_12\Voice_atri_mika\voices\ryu_b114_019.opus
ryu_b114_020.opus,RYU_B114_020,bg,「わ、わかった」,H:\GDUT2025_12\Voice_atri_mika\voices\ryu_b114_020.opus
ryu_b114_021.opus,RYU_B114_021,bgm,「……急に握手してきたり、家に誘ったり。変なヤツだな」,H:\GDUT2025_12\Voice_atri_mika\voices\ryu_b114_021.opus
ryu_b114_022.opus,RYU_B114_022,bgm,「まだわかんねーよ」,H:\GDUT2025_12\Voice_atri_mika\voices\ryu_b114_022.opus
ryu_b114_023.opus,RYU_B114_023,bgm,「ここがおまえんちか」,H:\GDUT2025_12\Voice_atri_mika\voices\ryu_b114_023.opus
ryu_b114_024.opus,RYU_B114_024,bgm,「なんでおまえらまで付いてきてんだよ」,H:\GDUT2025_12\Voice_atri_mika\voices\ryu_b114_024.opus
ryu_b123_029.opus,RYU_B123_029,bgm,「ああ、ほんとにな……」,H:\GDUT2025_12\Voice_atri_mika\voices\ryu_b123_029.opus
ryu_b206_007.opus,RYU_B206_007,bg,「ぶわっははははははははははは！いいぞナツ～～～～その調子だ！」,H:\GDUT2025_12\Voice_atri_mika\voices\ryu_b206_007.opus
ryu_b304_001.opus,RYU_B304_001,bg,「ナツ！　アトリ！！」,H:\GDUT2025_12\Voice_atri_mika\voices\ryu_b304_001.opus
ryu_b304_002.opus,RYU_B304_002,bgm,「無事でよかった……死んじまったかと思ったぞ！」,H:\GDUT2025_12\Voice_atri_mika\voices\ryu_b304_002.opus
xxb_b111_001.opus,XXB_B111_001,bg,「敵が攻めてきたってほんと？」,H:\GDUT2025_12\Voice_atri_mika\voices\xxb_b111_001.opus
xxb_b111_002.opus,XXB_B111_002,bg,「こわいよぉ」,H:\GDUT2025_12\Voice_atri_mika\voices\xxb_b111_002.opus
xxb_b111_003.opus,XXB_B111_003,bg,「気をつけてね……」,H:\GDUT2025_12\Voice_atri_mika\voices\xxb_b111_003.opus
xxb_b111_004.opus,XXB_B111_004,bg,「ヒットマンが……」,H:\GDUT2025_12\Voice_atri_mika\voices\xxb_b111_004.opus
xxb_b112_001.opus,XXB_B112_001,bg,「ワタシベンキョーダイスキ……ワタシベンキョーダイスキ……」,H:\GDUT2025_12\Voice_atri_mika\voices\xxb_b112_001.opus
xxb_b112_002.opus,XXB_B112_002,bgm,「さようなら、みなも先生」,H:\GDUT2025_12\Voice_atri_mika\voices\xxb_b112_002.opus
xxd_b102_001.opus,XXD_B102_001,bg,「なんてザマだい……」,H:\GDUT2025_12\Voice_atri_mika\voices\xxd_b102_001.opus
xxd_b102_002.opus,XXD_B102_002,bg,「挙げ句、逃げ帰ってきたんだろう？誰に似ちまったのかねぇ……いや、あたしのせいか……」,H:\GDUT2025_12\Voice_atri_mika\voices\xxd_b102_002.opus
xxd_b102_003.opus,XXD_B102_003,bg,「でもま、帰ってきてくれてよかったよ。夏生、あんたにあたしの研究を継いでほしい」,H:\GDUT2025_12\Voice_atri_mika\voices\xxd_b102_003.opus
xxd_b102_004.opus,XXD_B102_004,bg,「海に呑み込まれてなんもかんも失っちまったけれど、でもまだ終わっちゃいないんだ」,H:\GDUT2025_12\Voice_atri_mika\voices\xxd_b102_004.opus
xxd_b102_005.opus,XXD_B102_005,bg,「ＡＴＲＩを引き揚げておくれ。あの子をあそこへ連れていけば、計画は再び動き出す……」,H:\GDUT2025_12\Voice_atri_mika\voices\xxd_b102_005.opus
xxd_b102_006.opus,XXD_B102_006,bg,「デキの悪い家政婦みたいなモンだよ」,H:\GDUT2025_12\Voice_atri_mika\voices\xxd_b102_006.opus
xxd_b102_007.opus,XXD_B102_007,bg,「足くらいなんだってんだ！あんたはまだ負けちゃいない！地球を救うんだろう？」,H:\GDUT2025_12\Voice_atri_mika\voices\xxd_b102_007.opus
xxd_b102_008.opus,XXD_B102_008,bg,「あの島はまだ海を漂っているはずだ。探しておくれ、夏生……」,H:\GDUT2025_12\Voice_atri_mika\voices\xxd_b102_008.opus
xya_b101_001.opus,XYA_B101_001,ev,打ち上げ中継,H:\GDUT2025_12\Voice_atri_mika\voices\xya_b101_001.opus
xya_b101_002.opus,XYA_B101_002,ev,打ち上げ中継,H:\GDUT2025_12\Voice_atri_mika\voices\xya_b101_002.opus
xyd_b111_001.opus,XYD_B111_001,bg,「え、ヒットマンどこ？」,H:\GDUT2025_12\Voice_atri_mika\voices\xyd_b111_001.opus
xyd_b111_002.opus,XYD_B111_002,bg,「ほんとだ……やっべぇぇ」,H:\GDUT2025_12\Voice_atri_mika\voices\xyd_b111_002.opus
xyd_b111_003.opus,XYD_B111_003,bgm,「やーいやーいヒットマーーン」,H:\GDUT2025_12\Voice_atri_mika\voices\xyd_b111_003.opus
xyd_b111_004.opus,XYD_B111_004,bg,「ど、どうする……」,H:\GDUT2025_12\Voice_atri_mika\voices\xyd_b111_004.opus
xyd_b111_005.opus,XYD_B111_005,bg,「死ぬなよ凜々花！」,H:\GDUT2025_12\Voice_atri_mika\voices\xyd_b111_005.opus
xyd_b111_006.opus,XYD_B111_006,bg,「みなもちゃん、べんきょーしてる場合じゃないよ、凜々花が危ないんだっ！」,H:\GDUT2025_12\Voice_atri_mika\voices\xyd_b111_006.opus
xyd_b111_007.opus,XYD_B111_007,bgm,「凜々花！　無事だったのか！」,H:\GDUT2025_12\Voice_atri_mika\voices\xyd_b111_007.opus
xyd_b112_001.opus,XYD_B112_001,bg,「……殺されるかと思った」,H:\GDUT2025_12\Voice_atri_mika\voices\xyd_b112_001.opus
xyd_b112_002.opus,XYD_B112_002,bgm,「はーい。じゃーな、凜々花」,H:\GDUT2025_12\Voice_atri_mika\voices\xyd_b112_002.opus
xyg_b102_001.opus,XYG_B102_001,bg,「この子、ヒューマノイドかい？へぇ、まだ残ってんだねぇ」,H:\GDUT2025_12\Voice_atri_mika\voices\xyg_b102_001.opus
xyg_b102_002.opus,XYG_B102_002,bg,「……あんたあれだろ、最近町に流れてきたって言うヨソ者の」,H:\GDUT2025_12\Voice_atri_mika\voices\xyg_b102_002.opus
xyg_b102_003.opus,XYG_B102_003,bg,「悪い事は言わないから、早いとこ出ていきな。ここは静かな町だ。あんたみたいなのは歓迎されない」,H:\GDUT2025_12\Voice_atri_mika\voices\xyg_b102_003.opus
xyg_b102_004.opus,XYG_B102_004,bg,「売るのかい？　この子を？」,H:\GDUT2025_12\Voice_atri_mika\voices\xyg_b102_004.opus
xyg_b102_005.opus,XYG_B102_005,bg,「うちじゃとてもじゃないが買い取れないよ」,H:\GDUT2025_12\Voice_atri_mika\voices\xyg_b102_005.opus
xyg_b102_006.opus,XYG_B102_006,bg,「金がねえ。売るあてもねえし。でもまあ、買い手を探してやる事はできっかもなぁ」,H:\GDUT2025_12\Voice_atri_mika\voices\xyg_b102_006.opus
xyg_b102_007.opus,XYG_B102_007,bg,「ちょいと型番を見せておくれ」,H:\GDUT2025_12\Voice_atri_mika\voices\xyg_b102_007.opus
xyg_b102_008.opus,XYG_B102_008,bg,「ほぉほぉ……ヤマサキファクトリー社製の第４世代型……」,H:\GDUT2025_12\Voice_atri_mika\voices\xyg_b102_008.opus
xyg_b102_009.opus,XYG_B102_009,bg,「初期不良が発覚してリコールされたモデルだねぇ、こりゃ」,H:\GDUT2025_12\Voice_atri_mika\voices\xyg_b102_009.opus
xyg_b102_010.opus,XYG_B102_010,bg,「そうさなぁ……」,H:\GDUT2025_12\Voice_atri_mika\voices\xyg_b102_010.opus
xyg_b102_011.opus,XYG_B102_011,bg,「ところで、どこから連れて来たんだいこの子」,H:\GDUT2025_12\Voice_atri_mika\voices\xyg_b102_011.opus
xyg_b102_012.opus,XYG_B102_012,bg,「そうなのかい？」,H:\GDUT2025_12\Voice_atri_mika\voices\xyg_b102_012.opus
xyg_b102_013.opus,XYG_B102_013,bg,「そうかい、よかったなぁ。寒かったろう、海の底は」,H:\GDUT2025_12\Voice_atri_mika\voices\xyg_b102_013.opus
xyg_b102_014.opus,XYG_B102_014,bg,「そうさなぁ……リコール品っても、このくらいは付くかなぁ」,H:\GDUT2025_12\Voice_atri_mika\voices\xyg_b102_014.opus
xyg_b102_015.opus,XYG_B102_015,bg,「買い手も探してやるよ。手数料はそうさね……５％で」,H:\GDUT2025_12\Voice_atri_mika\voices\xyg_b102_015.opus
xyg_b102_016.opus,XYG_B102_016,bg,「都市まで出向かなきゃならんし……まあ、１ヶ月ちょっとあれば」,H:\GDUT2025_12\Voice_atri_mika\voices\xyg_b102_016.opus
xyg_b102_017.opus,XYG_B102_017,bg,「もちろんさ。その方がうちも儲かる」,H:\GDUT2025_12\Voice_atri_mika\voices\xyg_b102_017.opus
xyg_b102_018.opus,XYG_B102_018,bg,「なぁ、あんたのマスターは誰だい」,H:\GDUT2025_12\Voice_atri_mika\voices\xyg_b102_018.opus
xyg_b102_019.opus,XYG_B102_019,bg,「そうかいそうかい」,H:\GDUT2025_12\Voice_atri_mika\voices\xyg_b102_019.opus
xyg_b102_020.opus,XYG_B102_020,bg,「ヒューマノイドはマスターを間違えない。あんたがそうなんだな」,H:\GDUT2025_12\Voice_atri_mika\voices\xyg_b102_020.opus
xyg_b102_021.opus,XYG_B102_021,bg,「じゃあ、売りに行く時は同行してもらうよ。ヒューマノイドをマスターの許可なく売買するのは違法なんだ」,H:\GDUT2025_12\Voice_atri_mika\voices\xyg_b102_021.opus
xyg_b102_022.opus,XYG_B102_022,bg,「ところで兄さん、あんたそれ随分と古いの使ってるね」,H:\GDUT2025_12\Voice_atri_mika\voices\xyg_b102_022.opus
xyg_b102_023.opus,XYG_B102_023,bg,「サイボーグ義足の安いのが出回ってるんだ。金が入ったらうちで注文してくれよ」,H:\GDUT2025_12\Voice_atri_mika\voices\xyg_b102_023.opus
